RIMUNICIPALITY,TOT_POP_00,Pct_White_00,Pct_Black_00,Pct_AIAN_00,Pct_ASN_00,Pct_NHOPI_00,Pct_Oth_00,Pct_2Race_00,Pct_HISP_00,Pct_NHISP_00,Pct_NHW_00,Pct_NHB_00,Pct_NHA_00,Pct_NHNHOPI_00,Pct_NHAI_00,Pct_NHOTH_00,Pct_NH2Race_00,Num_Child618_00,Num_Male618_00,Num_Female618_00,Num_Child018_00,Pct_Under18_00,Pct_65Over_00,Pct_workingAge_00,Tot_HH_00,Pct_popinHH_00,Pct_PopinFamHH_00,Presence_Child_Denom_00,Pct_SINGFEM_WOK_00,Pct_SINGMAL_WOK_00,Pct_MC_WOK_00,Num_FamHH_WOK_00,Pct_FEMHEADFAM_00,HHSIZE_DENOM_00,Pct_FamHH_00,Pct_NonFamHH_00,Tot_Families_00,Pct_SINGFEM_WRK_00,Pct_SINGMAL_WRK_0,Pct_MC_WRK_00,Num_FamHH_WRK_00,Tot_Pop_15Over_00,Pct_Male_15Over_00,Pct_Female_15Over_00,Lang_Denom_00,Tot_pop_517_00,Pct_517_Spnsh_AH_00,Pct_517_SPAN_ENW_00,Pct_517_ENW_00,WORKAGE_SE_DENOM_00,PCT_1864_ENGNOTWELL_00,Linguistic_ISO_00,Pct_HH_Ling_ISO_00,Citizenship_Denom_00,Pct_FORNBORN_00,Foreign_Born_Denom_00,Pct_Emigrated9000_00,Foreign_Born_byyear_Denom_00,Pct_Emi9000_NotCitizens_00,Diff_Res_Denom_00,Pct_DiffHouse_00,Pct_DiffHouse_SameCnty_00,Pct_DiffState_00,Transport_Denom_00,School_enroll_denom_00,Pct_enroll_PK12_00,Pct_enroll_PubPK12_00,EDUC_Denom_00,Pct_NoEDUC_00,Pct_EDUC8th_00,Pct_NODiploma_00,Pct_HSDiploma_00,Disability_Denom_00,Pct_515_wDis_00,Pct_1520_withDis_00,Fem16_Denom_00,Pct_Fem16_wk_00,Pct_Fem16_wk_emp_00,Pct_Fem16_wk_unemp_00,HH_Inc_Denom_00,Pct_HHINC_U25K_00,Pct_HHINC_2550K_00,Pct_HHINC_U50K_00,Pct_HHINC_5075K_00,Pct_HHINC_U75K,Pct_HHINC_75100K_00,Pct_HHINC_U100K_00,Pct_HHINC_MT100K_00,Pub_assist_denom_00,Pct_PubAssist_00,FAM_Inc_Denom_00,Pct_FAMINC_U25K_00,Pct_FAMINC_2550K_00,Pct_FAMINC_5075K_00,Pct_FAMINC_75100K_00,Pct_FAMINC_MT100K_00,PCAP_Inc_00,POV_RAT_D_00,Pct_POV_00,Pct_POV_u18_00,Pct_ABVPOVLINE_00,Above_PovertyLine_00,POV_RAT_DINC_00,Pct_POVRAT50_00,Pct_POVRAT50100_00,Pct_POVRAT100150_00,Pct_POVRAT150200_00,Pct_POVRAT200_00,Pct_POVRAT_G200_00,POV_RAT_Denom_fam_00,Pct_POV_married_00,Pct_abovePovLine_married_00,POVRAT_FAM_Denom_00,Pct_POV_fam_chldrn_00,Pct_ABVPOV_fam_chldrn_00,HH_INCPOV_Denom_00,Pct_HHPOVu150_fam_00,Pct_HHPOVg150_fam_00,TOTHSUN_00,OCCHU_00,Pct_OWNOCC_00,Pct_RNTOCC_00,OCCHU_Race_Denom_00,Pct_OCCW_00,Pct_OCCB_00,Pct_OCCI_00,Pct_OCCA_00,Pct_OCCP_00,Pct_OCCO_00,Pct_OCCM_00,TOCCHU_OWNOCCRace_Denom_00,Pct_OWNOCCW_00,Pct_OWNOCCB_00,Pct_OWNOCCI_00,Pct_OWNOCCA_00,Pct_OWNOCCP_00,Pct_OWNOCCO_00,Pct_OWNOCCM_00,Pct_RNTOCCW_00,Pct_RNTOCCB_00,Pct_RNTOCCI_00,Pct_RNTOCCA_00,Pct_RNTOCCP_00,Pct_RNTOCCO_00,Pct_RNTOCCM_00,OCCHUH_00,Pct_OCCH_OWNOCC_00,Pct_OCCH_RNTOCC_00,OCCHUW_00,Pct_OCCW_OWNOCC_00,Pct_OCCW_RNTOCC_00,Tot_Pop_OCCHU_00,Pct_Pop_OWNOCC_00,Pct_Pop_RNTOCC_00,OCCHU_HHSZE_Denom_00,Pct_1PRSNHH_00,Pct_24PRSNHH_00,Pct_g5PRSNHH_00,Avg_HHSZE_OCCHU_00,Avg_HHSZE_OWNOCC_00,Avg_HHSZE_RNTOCC_00,OCCHU_OCCperRM_Denom_00,OCCHU100_00,OCCHU151200_00,Total_HU_00,Pct_BLTYR902000_00,Pct_BLTYR8089_00,Pct_BLTYR6079_00,Pct_BLTYR4059_00,Pct_BLTYR39_00,OCCHU_BLTYR_Denom_00,Pct_BLTOC902000_00,Pct_BLTOC8089_00,Pct_BLTOC6079_00,Pct_BLTOC4059_00,Pct_BLTOC39_00,Pct_BLTRE902000_00,Pct_BLTRE8089_00,Pct_BLTRE6079_00,Pct_BLTRE4059_00,Pct_BLTRE39_00,RNTOCC_GR_Denom_00,Pct_R10PI_00,Pct_R19PI_00,Pct_R29PI_00,Pct_R39PI_00,Pct_R49PI_00,Pct_R50PI_00,Pct_RNCPI_00,RNTOCC_HHINC_Denom_00,PCT_R30PI_00,PCT_RG30PI_00,OWNOCC_COSTINC_Denom_00,PCT_OWNOCC_M30PI_00,PCT_OWNOCC_MG30PI_00,PCT_OCCHU_00,PCT_VCTHU_00,Pct_Bachelor_00,Pct_PostBachDeg_00,PCT_ATLEAST_HS_DIPLOMA_00,Pct_Drivealone_00,Pct_PublicTransport_00,Pct_Emp_16o_00
Barrington,16819,96.42666032,0.725370117,0.07134788,1.337772757,0,0.225934955,1.212913966,0.927522445,99.07247756,95.89155122,0.68375052,1.337772757,0,0.07134788,0,1.088055176,2219,1902,1791,4935,29.3418158,14.6917177,57.19721743,16819,97.5563351,88.97675248,6023,4.001328242,0.647517848,35.41424539,2413,9.987567344,6023,78.79794123,21.20205877,4746,10.4815864,2.063941724,87.45447187,2471,12945,47.67091541,52.32908459,15836,3745,2.857142857,0,0.240320427,9620,0.51975052,6023,1.145608501,16819,5.618645579,945,26.77248677,253,67.98418972,15836,33.78378378,29.10280374,36.11214953,7805,16252,13.25375338,79.71216342,11195,0.419830281,1.563197856,7.637338097,16.40017865,15818,0.531040587,0.316095587,6564,37.11151737,69.08866995,1.929392447,6023,13.8967292,19.3093143,33.2060435,17.08450938,50.29055288,15.29138303,65.58193591,34.41806409,6023,0.846754109,3478,6.497987349,16.41748131,17.16503738,17.30879816,42.6106958,115607,11925,3.362683438,23.44139651,96.63731656,0.293561263,11925,1.241090147,2.121593291,2.046121593,4.016771488,9.42557652,7448.965517,11925,56.35910224,83.52134675,3478,41.4893617,52.74822695,6023,46.799117,81.40035907,6199,6011,88.35468308,11.64531692,6011,97.67093662,0.316087174,0,1.364165696,0,0.199634004,0.44917651,6011,97.75936735,0.35774807,0,1.543965355,0,0.22594615,0.112973075,97,0,0,0,0,0,3,49,77.55102041,22.44897959,5834,88.54988001,11.45011999,16408,90.32788883,9.672111165,6011,18.73232407,70.70370987,10.56396606,10.91,11.15,10.01,6011,99.78372983,0.216270171,6199,6.43652202,6.98499758,20.55170189,37.84481368,28.18196483,6011,6.759555639,7.154961401,21.69083035,38.84390887,25.55074374,5.428571429,6,12.71428571,30.42857143,45.42857143,700,5.285714286,24.42857143,24.42857143,10.14285714,9.428571429,13.71428571,12.57142857,700,54.14285714,33.28571429,5097,75.61310575,24.38689425,96.96725278,3.032747217,29.53104064,23.68021438,69.61143368,84.83023703,2.280589366,95.95530183
Bristol,22469,97.35190707,0.547420891,0.124616138,0.574124349,0,0.502915128,0.899016423,1.784681116,98.21531888,96.26596644,0.413903601,0.547420891,0,0.089011527,0.053406916,0.845609506,2351,1767,1844,4999,22.24843117,17.84236059,62.53949887,22469,90.63153678,76.06480039,8311,4.283479726,1.528095295,22.33184936,2339,15.22017956,8311,68.15064373,31.84935627,5664,15.91737546,5.467800729,78.61482382,2469,18786,47.38102843,52.61897157,21340,3279,0.487953644,56.25,0.670936261,14052,2.825220609,8311,5.5468656,22469,13.93475455,3131,13.19067391,413,72.39709443,21340,39.18931584,51.38108334,31.57957671,10895,21887,8.662676475,70.99156118,14994,2.867813792,10.46418567,25.91703348,25.59023609,20802,0.326891645,0.572060379,9783,23.59194521,73.52686308,1.559792028,8311,28.15545662,27.34929611,55.50475274,19.78101312,75.28576585,12.17663338,87.46239923,12.53760077,8311,3.994705812,5664,16.11935028,28.10734463,23.64053672,15.23658192,16.89618644,82499,20355,8.052075657,26.60158633,91.94792434,0.209660184,20355,3.11471383,4.937361828,5.836403832,7.998034881,21.88651437,2523.809524,20355,28.49298353,72.3552041,5664,73.22033898,41.96312162,8311,40.51603905,73.91304348,8705,8314,66.00914121,33.99085879,8314,98.09959105,0.324753428,0.096223238,0.252586,0,0.396920856,0.829925427,8314,98.92492711,0.12755102,0,0.309766764,0,0.145772595,0.491982507,96.49681529,0.707714084,0.283085633,0.141542817,0,0.884642604,1.486199575,91,19.78021978,80.21978022,8088,67.00049456,32.99950544,20364,70.74739737,29.25260263,8314,26.16069281,66.10536445,7.733942747,9.77,10.2,8.6,8314,97.91917248,2.08082752,8705,10.02871913,12.28029868,25.47960942,18.5066054,33.70476738,8314,13.62973761,16.78206997,28.86297376,18.13046647,22.59475219,3.255484784,4.600141543,21.26680821,19.85138004,51.02618542,2826,7.183297948,27.9547063,20.87756546,13.12809625,5.16631281,15.85279547,9.837225761,2826,56.01556971,34.14720453,4648,70.78313253,29.21686747,95.50832855,4.491671453,16.01974123,10.23075897,51.84073629,79.45846719,2.698485544,95.34686253
Burrillville,15796,98.05013928,0.633071664,0.063307166,0.044315016,0,0.493795898,0.71537098,0.785008863,99.21499114,97.60698911,0.588756647,0.044315016,0,0.063307166,0.240567232,0.671055964,2063,1721,1518,4318,27.33603444,11.38895923,62.83236262,15796,96.89161813,86.51557356,5544,5.140692641,2.11038961,30.42929293,2089,13.64289134,5544,76.47907648,23.52092352,4240,13.56807512,5.727699531,80.70422535,2130,12520,48.40255591,51.59744409,14901,3177,1.636764243,9.615384615,0.409191061,9925,0.604534005,5544,0.847763348,15796,1.702962775,269,11.15241636,30,70,14901,36.76263338,82.56663016,13.43556042,8288,15271,12.41568987,83.75527426,10520,0.171102662,5.171102662,19.64828897,35.02851711,14547,0.818038083,0.921152128,6351,32.67202015,78.55421687,2.313253012,5544,18.7950938,27.84992785,46.64502165,27.11038961,73.75541126,13.61832612,87.37373737,12.62626263,5544,3.354978355,4240,10.30660377,28.86792453,29.95283019,16.29716981,14.5754717,62581,15323,6.082359851,25.32188841,93.91764015,0.257800014,15323,3.223911767,2.858448085,4.751027867,5.677739346,16.51112706,4100.320513,15323,33.58369099,76.97866722,4240,67.51592357,49.57139358,5544,44.02332362,81.0621655,5821,5559,76.79438748,23.20561252,5559,98.92066919,0.23385501,0,0,0,0.323799244,0.521676561,5559,99.06301242,0,0,0,0,0.421644413,0.515343172,98.4496124,1.007751938,0,0,0,0,0.542635659,36,66.66666667,33.33333333,5472,77.01023392,22.98976608,15305,81.52891212,18.47108788,5559,18.76236733,70.48030221,10.75733046,8.32,8.73,7.32,5559,98.38100378,1.618996222,5821,9.637519327,18.00377942,28.36282426,14.2071809,29.7886961,5559,12.6493324,21.29304287,31.52963223,12.39166081,22.13633169,1.627906977,9.147286822,17.90697674,18.21705426,53.10077519,1270,8.188976378,29.76377953,22.04724409,11.18110236,6.220472441,17.79527559,4.803149606,1270,60,35.19685039,1889,68.55479089,31.44520911,95.49905515,4.500944855,11.15019011,5.009505703,51.18821293,85.55743243,0.69980695,95.05771601
Central Falls,18928,57.31191885,5.388841927,0.861158073,0.470202874,0.142645816,28.04839391,7.776838546,47.97654269,52.02345731,39.97781065,4.136728656,0.470202874,0.142645816,0.338123415,2.668005072,4.289940828,2463,1998,1960,5730,30.272612,11.34298394,59.73689772,18928,96.87764159,82.53909552,6715,16.99180938,2.889054356,20.32762472,2700,42.25925926,6715,65.91213701,34.08786299,4426,40.88359046,8.941093969,50.17531557,2852,14313,47.90749668,52.09250332,17388,3934,57.29537367,20.76308784,13.44687341,11307,26.38188733,6715,24.43782576,18928,35.1067202,6645,48.89390519,3249,91.68975069,17388,55.70508397,57.43340904,20.40057815,7000,17995,12.30897472,91.91873589,11282,6.266619394,18.00212728,50.88636767,28.00921822,16835,1.306801307,1.1998812,7315,35.78947368,50,6.378915202,6715,53.46239762,29.88830975,83.35070737,10.81161579,94.16232316,3.216679077,97.37900223,2.620997766,6715,13.17944899,4426,46.24943516,34.003615,12.1554451,3.908721193,3.682783552,43077,18307,29.02714809,41.58825743,70.97285191,0.245516817,18307,13.2626864,15.76446168,16.23968974,13.02780357,58.29464139,482.3120657,18307,28.34023335,59.32425152,4426,86.13775065,56.84659957,6715,59.5513032,71.14549403,7270,6696,21.78912784,78.21087216,6696,64.90442055,4.435483871,1.105137395,0.209080048,0.104540024,22.32676225,6.914575866,6696,75.25702536,1.850582591,0,0.548320768,0,14.25633996,8.087731323,62.0202406,5.155623449,1.413022723,0.11456941,0.133664312,24.57513844,6.587741073,2593,11.18395681,88.81604319,3442,29.9535154,70.0464846,18337,24.81867263,75.18132737,6696,29.15173238,55.77956989,15.06869773,10.99,12.52,10.57,6696,90.36738351,9.632616487,7270,3.672627235,3.493810179,17.79917469,28.04676754,46.98762036,6696,0.68540096,1.919122687,10.89787526,24.53735435,61.96024674,4.640061104,4.14359366,20.46973458,28.12679015,42.61982051,5237,6.931449303,24.97613137,23.92591178,12.33530647,7.637960665,18.67481382,5.51842658,5237,55.83349246,38.64808096,215,65.58139535,34.41860465,92.1045392,7.895460798,3.793653608,1.914554157,33.71742599,62.44285714,2.728571429,91.8278468
Charlestown,7859,97.28973152,0.152691182,0.776180176,0.381727955,0,0.216312508,1.183356661,1.285150783,98.71484922,96.15727192,0.152691182,0.381727955,0,0.776180176,0.063621326,1.183356661,808,658,632,1784,22.70008907,14.30207406,63.74856852,7859,99.4146838,84.62908767,3161,3.385004745,2.024675736,23.91648213,927,11.54261057,3161,71.59126859,28.40873141,2263,14.04212638,6.419257773,79.53861585,997,6420,49.47040498,50.52959502,7409,1275,2.745098039,0,0,5010,0.279441118,3161,0.442897817,7859,2.201297875,173,11.56069364,20,100,7409,44.5944122,52.54237288,29.08595642,4034,7593,9.627288292,86.86730506,5637,0.745077169,1.295015079,10.02306191,31.96735852,7364,1.357957632,0.312330255,3192,28.41478697,75.6339581,1.764057332,3161,18.19044606,29.07307814,47.2635242,25.59316672,72.85669092,13.09712116,85.95381208,14.04618792,3161,2.404302436,2263,10.6495802,29.12063632,28.41361025,15.77551922,16.040654,51201,7791,5.082787832,19.6969697,94.91721217,0.21352265,7791,1.642921319,3.439866513,6.366320113,6.237966885,17.68707483,3910.365854,7791,39.64646465,75.19945909,2263,61.76470588,43.50797267,3161,55.8739255,73.54196302,4797,3178,83.82630585,16.17369415,3178,97.48269352,0.188797986,1.038388924,0.377595972,0,0.377595972,0.534927627,3178,97.93543544,0.225225225,1.013513514,0.45045045,0,0.075075075,0.3003003,95.13618677,0,1.167315175,0,0,1.945525292,1.750972763,12,16.66666667,83.33333333,3098,84.21562298,15.78437702,7813,84.53858953,15.46141047,3178,21.61736941,71.05097546,7.331655129,4.89,4.94,4.71,3178,97.95468848,2.045311517,4797,21.36752137,25.26579112,33.91703148,11.44465291,8.005003127,3178,24.36186186,29.05405405,26.35135135,11.2987988,8.933933934,11.86770428,21.01167315,33.46303502,17.3151751,16.34241245,486,9.259259259,35.59670782,17.90123457,8.024691358,10.90534979,16.04938272,2.263374486,486,62.75720165,34.97942387,2255,77.96008869,22.03991131,66.24973942,33.75026058,17.88185205,11.58417598,61.43338655,84.18443233,0.520575112,97.56616257
Coventry,33638,97.93685713,0.285391521,0.026755455,0.487543849,0,0.157559902,1.105892146,0.716451632,99.28354837,97.45525893,0.258636066,0.487543849,0,0.026755455,0,1.055354064,3925,3219,3105,8662,25.75063916,13.4015102,62.09643855,33638,98.41250966,86.65497354,12574,4.294576109,1.924606331,28.081756,4313,12.5202875,12574,73.92237951,26.07762049,9295,13.06366048,6.343943413,80.59239611,4524,26716,47.69052253,52.30947747,31581,6185,1.438965238,20.2247191,0.485044462,20888,0.488318652,12574,1.240655321,33638,3.427671086,1153,14.31049436,165,69.6969697,31581,34.21044299,66.14216957,11.1625324,17370,32370,10.44176707,86.24260355,23172,0.612808562,4.440704298,16.6450889,34.47695495,31071,0.485983715,0.485983715,13737,31.46975322,80.66157761,2.151283831,12574,21.09909337,25.85493876,46.95403213,26.79338317,73.7474153,15.50819151,89.25560681,10.74439319,12574,1.662160013,9295,11.13501883,25.41151157,30.93060785,19.05325444,13.46960732,153765,33068,5.228619814,27.81954887,94.77138019,0.244679154,33068,1.817467038,3.411152776,3.901052377,6.858594412,15.9882666,4569.243421,33068,30.01735107,78.18692364,9295,69.25373134,47.90178571,12574,42.39504474,78.04154303,13063,12597,81.4400254,18.5599746,12597,98.55521156,0.214336747,0,0.254028737,0,0.142891165,0.833531793,12597,98.81080027,0,0,0.214445852,0,0.175455697,0.799298177,97.43370402,1.154833191,0,0.427715997,0,0,0.983746792,69,73.91304348,26.08695652,12390,81.68684423,18.31315577,33104,85.40961817,14.59038183,12597,21.14789236,69.94522505,8.906882591,18.59,19.31,15.15,12597,98.87274748,1.12725252,13063,14.96593432,16.36683763,35.8646559,19.83464748,12.96792467,12597,17.33112389,17.60405498,34.85719856,20.29437567,9.913246905,4.96150556,11.29170231,38.87938409,18.69118905,26.17621899,2309,7.665656128,26.46167172,22.47726288,13.72888696,10.39411,13.20918146,6.063230836,2309,56.60459073,37.33217843,8669,78.15203599,21.84796401,96.43267243,3.567327566,14.82392543,4.932677369,54.23355774,88.08290155,0.466321244,96.28572967
Cranston,79269,88.96289848,3.185356192,0.281320567,3.162648703,0,2.121888759,2.285887295,4.575559172,95.42444083,87.02014659,3.004957802,3.144987322,0,0.223290315,0.254828495,1.776230304,8678,7418,5927,18494,23.33068413,17.43430597,60.74001186,79269,94.11245254,78.57926806,30971,5.715023732,1.595040522,21.51690291,8928,19.82526882,30971,65.75506119,34.24493881,20365,21.17236271,5.533805946,73.29383134,9451,65299,47.91191289,52.08808711,75081,13113,7.153206741,7.569296375,1.273545337,48148,2.319930215,30971,2.770333538,79269,9.031273259,7159,24.3749127,1745,77.82234957,75081,37.15720355,66.05849882,14.68922503,35991,76770,10.30220138,82.89290682,55886,1.274022116,5.312600651,21.24861325,28.69412733,70988,0.577562405,0.53671043,33557,26.20615669,70.94609961,3.502387992,30971,27.0478835,28.74624649,55.79412999,21.44263989,77.23676988,11.53982758,88.77659746,11.22340254,30971,3.303089987,20365,15.89491775,28.27890989,25.4407071,15.38423766,15.0012276,378437,74721,7.276401547,27.51517381,92.72359845,0.216875469,74721,2.977743874,4.298657673,5.591466924,7.748825631,20.6166941,3052.804941,74721,23.50560971,68.59015068,20365,69.58808063,45.03225135,30971,43.37662338,69.67857007,32068,30954,66.77973768,33.22026232,30954,93.4515733,1.670220327,0.26167862,2.009433353,0,1.140401887,1.466692511,30954,94.96395917,1.20942383,0.120942383,1.867350394,0,0.604711915,1.233612307,90.41135855,2.596518526,0.544588155,2.295050083,0,2.217251775,1.935232909,760,45.39473684,54.60526316,28595,68.05385557,31.94614443,74602,73.60526527,26.39473473,30954,29.42753764,62.96762939,7.604832978,41.04,44.77,33.2,30954,98.41377528,1.586224721,32068,7.25333666,10.94549083,23.43145815,31.72944992,26.64026444,30954,9.196458807,10.87513908,20.48280199,33.1914276,26.25417251,3.607896528,11.76699407,29.14519109,27.93931732,27.54060099,10283,5.708450841,27.56005057,26.58757172,13.73140134,5.212486628,15.58883594,5.611202956,10283,59.85607313,34.53272391,9599,64.09000938,35.90999062,96.52613197,3.47386803,15.59066671,9.004043947,53.28883799,84.70450946,2.356144592,95.1683148
Cumberland,31840,95.98932161,0.753768844,0.012562814,1.237437186,0,1.369346734,0.637562814,2.145100503,97.8548995,94.89635678,0.700376884,1.237437186,0,0.012562814,0.458542714,0.549623116,3420,2823,2725,8057,25.30464824,16.13065327,59.64824121,31840,99.24309045,87.83919598,12185,4.357816988,0.804267542,27.78826426,4015,13.22540473,12185,74.38654083,25.61345917,9064,13.84140551,3.228869896,82.9297246,4212,25390,46.67191808,53.32808192,29832,5704,3.523842917,2.985074627,0.683730715,18992,2.632687447,12185,3.898235535,31840,9.309045226,2964,19.60188934,581,70.91222031,29832,33.61826227,71.39296041,21.2483797,16221,30608,10.7096184,85.23489933,22377,1.255753676,6.479867721,18.63520579,27.07690933,29586,0.811194484,0.547556277,13363,30.5545162,76.87974529,2.963507225,12185,20.65654493,24.94050062,45.59704555,23.00369307,68.60073861,13.77923677,82.37997538,17.62002462,12185,2.002462043,9064,11.65048544,23.98499559,25.739188,16.49382171,22.13150927,152909,31592,3.912382882,19.17475728,96.08761712,0.244926868,31592,1.348442644,2.563940238,4.66890352,5.305140542,13.88642694,5056.69145,31592,31.7961165,77.6090394,9064,62.30769231,46.00181736,12185,39.81348637,78.85274766,12572,12198,76.66010821,23.33989179,12198,97.04049844,0.713231677,0,0.721429743,0,0.983767831,0.541072307,12198,97.74355684,0.481231954,0,0.737888996,0,0.609560475,0.427761737,94.7312961,1.475237092,0,0.667369161,0,2.212855638,0.913242009,146,21.91780822,78.08219178,11774,77.45031425,22.54968575,31599,83.5089718,16.4910282,12198,22.29053943,69.00311526,8.706345303,15.73,16.88,10.09,12198,99.23757993,0.762420069,12572,12.98918231,13.75278396,28.62710786,24.36366529,20.26726058,12198,14.85402631,14.51181692,30.34969522,25.85819698,14.42626457,8.570425009,11.55602388,24.09553916,19.28345627,36.49455567,2833,9.636427815,28.8386869,24.74408754,10.87186728,5.930109425,13.51923756,6.45958348,2833,63.21920226,30.32121426,4008,69.08682635,30.91317365,97.02513522,2.974864779,19.50663628,9.974527417,56.55807302,87.15862154,1.257628999,96.34437394
East Greenwich,12948,95.62094532,0.872721656,0.023169601,1.992585728,0,0.30892802,1.181649676,0.725980846,99.27401915,95.00308928,0.872721656,1.992585728,0,0.023169601,0.200803213,1.181649676,1815,1506,1285,3730,28.80753784,13.52332407,58.89712697,12948,98.96509113,86.41489033,4963,4.07011888,1.229095305,30.88857546,1796,11.24721604,4963,71.65021157,28.34978843,3556,11.54898741,3.338806787,85.1122058,1827,9990,47.91791792,52.08208208,12189,2812,0.711237553,0,0,7626,0.340938893,4963,1.027604272,12948,4.780661106,619,25.84814216,160,72.5,12189,38.88752154,36.20253165,33.41772152,6011,12570,13.91408115,80.61749571,8733,0.263368831,1.167983511,7.420130539,15.20668728,12183,0.45144874,0.14774686,5142,34.81135745,59.60893855,2.122905028,4963,17.26778158,18.75881523,36.02659682,17.81180737,53.83840419,12.41184767,66.25025186,33.74974814,4963,1.793270199,3556,8.183352081,14.2575928,17.29471316,14.76377953,45.50056243,112464,12940,4.683153014,24.25742574,95.31684699,0.276958002,12940,1.646058733,3.037094281,3.238021638,3.523956723,11.44513138,4373.664122,12940,18.31683168,80.13620885,3556,73.03370787,50.82203634,4963,30.66132265,76.23207885,5226,4960,76.02822581,23.97177419,4960,96.37096774,1.008064516,0.120967742,1.955645161,0,0.221774194,0.322580645,4960,96.49960223,1.166799257,0,1.856271546,0,0.291699814,0.185627155,95.96299411,0.504625736,0.504625736,2.270815812,0,0,0.756938604,29,48.27586207,51.72413793,4755,76.31966351,23.68033649,12814,86.06211956,13.93788044,4960,24.23387097,65.66532258,10.10080645,7.9,8.6,5.93,4960,99.45564516,0.544354839,5226,14.50440107,16.72407195,33.56295446,16.22655951,18.98201301,4960,14.69106338,19.78255105,35.29567754,18.19146115,12.03924688,7.737594617,8.915054668,31.37089992,13.62489487,38.35155593,1177,6.881903144,25.82837723,23.44944775,11.38487681,5.862361937,20.7306712,5.862361937,1177,56.15972812,37.97790994,3380,77.07100592,22.92899408,94.91006506,5.089934941,31.74166953,24.8139242,71.762281,86.74097488,1.597072035,94.76951731
East Providence,48688,86.45251397,4.855405849,0.60384489,1.150180743,0,2.127834374,4.810220177,1.825911929,98.17408807,85.51593822,4.72806441,1.150180743,0,0.570982583,1.59587578,4.613046336,4908,4086,3847,11091,22.77974039,18.8198324,59.56703911,48688,98.44314821,80.25180743,20547,6.750377184,1.669343456,18.96627245,5627,24.64901368,20547,62.66608264,37.33391736,12876,26.00232906,6.1553818,67.84228914,6011,40008,45.43841232,54.56158768,46095,7930,2.471626734,10.71428571,2.723833544,29002,4.623819047,20547,5.845135543,48688,15.95670391,7769,19.66791093,1528,78.0104712,46095,35.22290921,66.37102735,17.91697462,22434,47125,9.597877984,82.29051514,34489,2.876279393,8.944880977,28.94836035,29.35718635,45410,0.614402114,0.376569038,21542,26.2231919,73.26960524,3.699769871,20547,32.58383219,30.40833212,62.99216431,22.13948508,85.13164939,8.585194919,93.71684431,6.283155692,20547,3.776707062,12876,20.0139795,31.71015843,28.16868593,11.14476546,8.962410687,203632,47917,8.619070476,27.26392252,91.38092952,0.211386941,47917,3.41632406,5.202746416,7.168645783,9.165849281,24.95356554,2203.431373,47917,21.96125908,65.20428438,12876,75.86633663,44.7298641,20547,40.48729912,67.79315717,21309,20530,58.95762299,41.04237701,20530,87.26741354,4.861178763,0.8037019,0.96444228,0,1.860691671,4.242571846,20530,90.8129544,3.63516193,0.371777925,0.817911434,0,1.54494382,2.817250496,82.17422264,6.622359364,1.424163304,1.174934726,0,2.314265369,6.290054593,200,24,76,17874,61.43560479,38.56439521,47930,67.19799708,32.80200292,20530,32.43058938,60.75499269,6.814417925,23.4,26.58,18.21,20530,98.18801754,1.811982465,21309,4.782016988,8.874184617,29.64005819,26.81496081,29.88877939,20530,4.816589557,4.750495704,21.52181097,33.4021811,35.50892267,4.676002848,15.33349157,40.13766912,18.02753382,21.82530263,8426,5.922145739,27.69997626,26.40636126,12.73439354,6.11203418,16.25919772,4.865891289,8426,60.02848327,35.10562545,5180,68.61003861,31.38996139,96.34426768,3.65573232,12.36626171,5.682971382,47.40641944,82.59338504,2.585361505,94.4514811
Exeter,6045,95.78163772,0.347394541,1.207609595,0.843672457,0,0.512820513,1.306865178,1.637717122,98.36228288,94.73945409,0.264681555,0.843672457,0,1.207609595,0,1.306865178,699,594,579,1611,26.65012407,9.760132341,64.54921423,6045,95.61621175,85.11166253,2085,3.932853717,2.829736211,32.13429257,811,10.11097411,2085,76.97841727,23.02158273,1605,10.59225513,6.719817768,82.68792711,878,4750,49.01052632,50.98947368,5665,1173,1.36402387,0,0,3902,0.589441312,2085,0,6045,2.861869313,173,14.45086705,25,100,5665,41.62400706,35.41136556,14.46140797,3252,5885,11.43585387,89.00445765,4094,0.561797753,4.616511969,13.97166585,25.69614069,5457,0.80630383,0.824628917,2405,30.76923077,78.64864865,2.027027027,2085,13.81294964,20.09592326,33.9088729,22.87769784,56.78657074,22.06235012,78.84892086,21.15107914,2085,1.247002398,1605,9.657320872,17.25856698,23.98753894,23.67601246,25.42056075,25530,5813,5.487699983,35.10971787,94.51230002,0.251547142,5813,3.81902632,1.668673662,4.059865818,2.890073972,12.43763977,9980.392157,5813,18.49529781,78.19439388,1605,68.05555556,54.07697326,2085,63.5,78.40848806,2196,2085,84.8441247,15.1558753,2085,96.97841727,0,0.767386091,0,0,0.527577938,1.726618705,2085,98.02148106,0,0.4522329,0,0,0.621820237,0.9044658,91.13924051,0,2.53164557,0,0,0,6.329113924,19,100,0,2014,85.7000993,14.2999007,5780,88.21799308,11.78200692,2085,16.83453237,72.51798561,10.64748201,2.77,2.88,2.16,2085,98.80095923,1.199040767,2196,22.04007286,25.72859745,35.10928962,10.51912568,6.60291439,2085,23.0638779,28.99943471,33.97399661,10.28829847,3.674392312,14.87341772,12.65822785,48.10126582,2.848101266,21.51898734,269,10.78066914,5.94795539,26.39405204,13.01115242,8.921933086,9.293680297,25.65055762,269,43.12267658,31.2267658,1327,82.36623964,17.63376036,94.94535519,5.054644809,20.05373718,10.16121153,55.9110894,86.03936039,1.137761378,94.6
Foster,4274,97.98783341,0,0,0,0,0,2.012166589,0,100,97.98783341,0,0,0,0,0,2.012166589,569,483,394,1152,26.95367337,10.50538138,63.4534394,4274,99.43846514,90.1965372,1531,4.37622469,0.391900718,31.54800784,556,12.05035971,1531,78.3801437,21.6198563,1200,13.18493151,1.02739726,85.78767123,584,3353,50.58156874,49.41843126,4072,911,0.439077936,0,0,2712,0.221238938,1531,0.195950359,4274,1.6612073,71,8.450704225,6,100,4072,28.978389,59.49152542,22.79661017,2255,4148,12.65670203,91.61904762,2895,0.207253886,2.659758204,12.33160622,29.46459413,4048,0.148221344,0.543478261,1637,36.16371411,76.18243243,1.013513514,1531,16.00261267,25.99608099,41.99869366,25.4735467,67.47224037,15.93729589,83.40953625,16.59046375,1531,1.63291966,1200,8,26.25,29.16666667,18.41666667,18.16666667,22148,4250,3.364705882,22.37762238,96.63529412,0.263209155,4250,0.447058824,2.917647059,5.411764706,5.788235294,14.56470588,3331.192661,4250,24.47552448,81.5193572,1200,100,47.88494078,1531,50.73529412,81.07526882,1578,1535,87.94788274,12.05211726,1535,98.04560261,0,0,0,0,0,1.954397394,1535,98.22222222,0,0,0,0,0,1.777777778,96.75675676,0,0,0,0,0,3.243243243,0, , ,1505,88.10631229,11.89368771,4250,88.23529412,11.76470588,1535,17.32899023,71.20521173,11.46579805,2.77,2.78,2.7,1535,99.60912052,0.390879479,1578,13.75158428,14.4486692,26.36248416,17.17363752,28.26362484,1535,15.85185185,11.33333333,29.25925926,15.92592593,27.62962963,0,30.27027027,10.27027027,20,39.45945946,155,4.516129032,25.16129032,41.93548387,7.741935484,0,10.96774194,9.677419355,155,71.61290323,18.70967742,449,64.14253898,35.85746102,97.27503169,2.724968314,14.47322971,13.2642487,57.20207254,88.47006652,0.22172949,94.63917526
Glocester,9948,98.06996381,0.412143144,0.432247688,0,0,0.060313631,1.025331725,1.035383997,98.964616,97.18536389,0.412143144,0,0,0.432247688,0,0.934861279,1349,1155,1025,2831,28.4579815,9.187776437,63.91234419,9948,100,90.77201448,3555,4.275668073,1.687763713,32.79887482,1378,11.03047896,3555,79.46554149,20.53445851,2825,11.39327385,6.245710364,82.36101579,1457,7767,49.81331273,50.18668727,9374,2102,0.856327307,44.44444444,0.380589914,6358,0.094369299,3555,0.253164557,9948,1.628468034,162,4.938271605,8,0,9374,29.4324728,76.04204422,12.90322581,5454,9687,13.53360173,86.88024409,6607,0.423792947,3.178447102,13.10731043,29.71091267,9365,1.292044848,0.800854245,3822,34.01360544,78.92307692,1.769230769,3555,15.49929677,23.37552743,38.87482419,29.02953586,67.90436006,18.2278481,86.13220816,13.86779184,3555,2.700421941,2825,10.83185841,22.54867257,28.95575221,22.15929204,15.50442478,45868,9939,4.447127478,40.27149321,95.55287252,0.262082763,9939,2.082704497,2.36442298,4.950196197,3.239762552,12.63708623,5048.255814,9939,42.53393665,79.7830894,2825,79.16666667,50.60461708,3555,58.93333333,81.88679245,3786,3559,86.45686991,13.54313009,3559,98.70750211,0.196684462,0,0,0,0,1.095813431,3559,98.73253169,0.227494313,0,0,0,0,1.039974001,98.54771784,0,0,0,0,0,1.452282158,0, , ,3513,86.47879305,13.52120695,9948,88.50020105,11.49979895,3559,15.62236583,73.39140208,10.98623209,5.6,5.73,4.75,3559,98.93228435,1.06771565,3786,12.81035394,12.59904913,40.72900158,16.74590597,17.11568938,3559,14.26714332,13.5521612,42.80142996,16.05459864,13.32466688,9.543568465,9.543568465,25.31120332,21.57676349,34.02489627,424,7.311320755,35.37735849,24.76415094,4.952830189,7.783018868,8.490566038,11.32075472,424,67.45283019,21.22641509,1454,68.1568088,31.8431912,94.0042261,5.995773904,16.83063418,10.35265627,56.89420312,84.87348735,0.34836817,97.4681334
Hopkinton,7836,96.45227157,0.280755487,1.735579377,0.599795814,0,0,0.931597754,0.433894844,99.56610516,96.01837672,0.280755487,0.599795814,0,1.735579377,0,0.931597754,913,745,719,2083,26.58244002,11.05155692,63.38693211,7836,99.87238387,86.98315467,2953,4.673213681,3.047748053,30.44361666,1127,12.24489796,2953,73.55231967,26.44768033,2172,12.32876712,7.705479452,79.96575342,1168,6194,49.04746529,50.95253471,7333,1500,0.533333333,0,0,4967,0.161063016,2953,0.812732814,7836,3.649821337,286,15.73426573,45,33.33333333,7333,36.42438293,62.33620367,18.23287158,4169,7596,12.05897841,85.80786026,5321,0.187934599,3.589550836,13.36214997,36.77880098,7309,0.478861677,0.300998769,3088,33.3873057,80.6013579,5.237633366,2953,19.60717914,27.73450728,47.34168642,25.60108364,72.94277006,11.03962072,83.98239079,16.01760921,2953,1.693193363,2172,10.95764273,28.8213628,29.00552486,13.8121547,17.40331492,23835,7769,4.762517699,31.08108108,95.2374823,0.24611434,7769,0.823786845,3.938730853,5.998197966,6.796241473,17.55695714,4815.789474,7769,21.35135135,75.86160292,2172,88.88888889,52.57142857,2953,45.24421594,77.84711388,3112,2965,80.50590219,19.49409781,2965,97.84148398,0.303541315,0.809443508,0.269814503,0,0,0.775716695,2965,97.94721408,0.377042313,1.005446167,0,0,0,0.670297444,97.40484429,0,0,1.384083045,0,0,1.211072664,17,100,0,2884,80.47850208,19.52149792,7826,81.90646563,18.09353437,2965,21.07925801,69.2074199,9.713322091,2.64,2.69,2.45,2965,96.96458685,3.035413153,3112,17.80205656,14.62082262,30.04498715,13.59254499,23.93958869,2965,20.77922078,14.57896942,32.17427734,12.73565145,19.73188102,7.785467128,17.12802768,22.66435986,12.97577855,39.44636678,520,5.769230769,35.57692308,25.19230769,7.307692308,6.923076923,10.96153846,8.269230769,520,66.53846154,25.19230769,2010,75.82089552,24.17910448,95.27634961,4.723650386,14.86562676,6.690471716,58.33489945,86.66346846,0.431758215,95.81447964
Jamestown,5622,98.2568481,0.337958022,0.675916044,0,0,0.213447172,0.515830665,1.992173604,98.0078264,97.08288865,0.2490217,0,0,0.2490217,0,0.426894344,568,516,483,1277,22.71433654,15.01245109,62.9135539,5622,99.82212736,85.11205977,2342,3.501280956,1.024765158,23.56959863,658,12.46200608,2342,69.08625107,30.91374893,1618,12.85081241,3.545051699,83.60413589,677,4604,47.63249348,52.36750652,5398,1017,1.474926254,0,0,3537,1.272264631,2342,0.426985482,5622,4.197794379,236,15.25423729,36,100,5398,38.08818081,47.47081712,25.82684825,2902,5469,10.27610166,82.56227758,4160,0.793269231,1.947115385,6.826923077,19.61538462,5390,0.185528757,0.092764378,2377,26.63020614,74.7235387,0,2342,13.70623399,25.02134927,38.72758326,19.81212639,58.53970965,14.26131512,72.80102477,27.19897523,2342,1.750640478,1618,6.118665019,20.64276885,21.07540173,18.41779975,33.74536465,38664,5619,2.900872041,10.42944785,97.09912796,0.223790323,5619,1.138992703,1.761879338,2.989855846,4.555970813,10.4466987,8116.129032,5619,12.26993865,75.82478006,1618,33.33333333,41.98617222,2342,26.28865979,72.95158287,2769,2359,78.93175074,21.06824926,2359,98.3467571,1.017380246,0.296735905,0,0,0,0.339126749,2359,97.90547798,1.288936627,0.37593985,0,0,0,0.429645542,100,0,0,0,0,0,0,41,43.90243902,56.09756098,2287,79.27415829,20.72584171,5612,83.78474697,16.21525303,2359,25.7736329,67.52861382,6.697753285,2.38,2.53,1.83,2359,98.00763035,1.992369648,2769,11.95377393,18.7432286,26.6161069,14.33730589,28.34958469,2359,9.237379162,21.48227712,29.26960258,14.50053706,25.51020408,13.68209256,12.67605634,29.37625755,14.08450704,30.18108652,489,5.521472393,29.85685072,22.90388548,15.13292434,4.294478528,8.1799591,14.11042945,489,58.28220859,27.60736196,1759,76.06594656,23.93405344,85.19321055,14.80678945,26.37019231,19.30288462,65.28846154,84.35561682,1.688490696,96.51773982
Johnston,28219,96.92760197,0.517381906,0.124029909,1.197774549,0,0.425245402,0.807966264,1.690350473,98.30964953,95.6624969,0.517381906,1.197774549,0,0.124029909,0.131117332,0.676848932,2674,2228,2014,6205,21.988731,18.84545873,60.11198129,28219,98.26712499,84.26946384,11192,5.155468192,1.250893495,22.64117227,3251,17.74838511,11192,69.35310936,30.64689064,7762,19.6800914,4.798628963,75.52127963,3501,23182,45.69924942,54.30075058,26630,4349,2.897217751,7.142857143,0.551851,16963,1.23209338,11192,2.868120086,28219,4.794641908,1353,22.02512934,298,85.90604027,26630,33.11303042,81.32229531,9.990927648,13352,27268,9.571659088,78.19923372,20579,0.626852617,5.520190485,21.96899752,34.19019389,26167,0.649673253,0.450949669,12430,26.58889783,71.49773071,1.906202723,11192,31.12937813,24.33881344,55.46819157,20.36275911,75.83095068,12.67869907,88.50964975,11.49035025,11192,2.841315225,7762,19.09301726,23.69234733,25.77943829,16.28446277,15.15073435,107466,27689,8.346274694,22.80398096,91.65372531,0.21057609,27689,3.170934306,5.175340388,6.457437972,6.396041749,21.19975442,2237.846154,27689,29.03504976,72.68500276,7762,54.77099237,44.40453164,11192,42.93023256,75.63592126,11567,11199,71.09563354,28.90436646,11199,97.86588088,0.214304849,0.187516743,0.75006697,0,0.446468435,0.535762122,11199,97.96533534,0.301431801,0.100477267,0.967093695,0,0.213514192,0.452147702,97.62125425,0,0.401606426,0.216249614,0,1.019462465,0.741427247,118,44.91525424,55.08474576,10882,71.33798934,28.66201066,27730,77.63793725,22.36206275,11199,26.64523618,65.42548442,7.9292794,12.31,13.37,9.72,11199,98.96419323,1.035806768,11567,13.91890724,16.05429238,33.95867554,21.75153454,14.3165903,11199,13.14996232,15.90052751,36.360211,23.28560663,11.30369254,16.46586345,17.60889713,27.43280816,18.62835959,19.86407167,3237,5.46802595,20.66728452,23.69477912,12.60426321,8.43373494,19.52425085,9.607661415,3237,49.83008959,40.562249,3905,60.66581306,39.33418694,96.81853549,3.181464511,12.26493027,5.651392196,52.10651635,87.64230078,1.265727981,95.32444074
Lincoln,20898,94.83682649,0.74169777,0.12441382,2.296870514,0,0.521581013,1.478610393,1.06708776,98.93291224,94.2769643,0.626854244,2.296870514,0,0.12441382,0.157909848,1.449899512,2543,2186,1851,5413,25.90200019,16.36520241,59.02478706,20898,99.07646665,85.68284046,8241,4.647494236,2.135663148,25.60368887,2669,14.3499438,8241,70.39194273,29.60805727,5801,16.07079646,7.292035398,76.63716814,2825,16631,46.48547892,53.51452108,19761,4006,1.897154269,48.68421053,1.273090364,12335,1.280907985,8241,2.815192331,20898,7.507895492,1569,17.78202677,279,70.96774194,19761,39.30975153,77.93511843,15.35787848,10434,20244,12.0727129,91.32569558,14462,0.643064583,6.54819527,18.24090721,25.93002351,19607,0.418217983,0.418217983,8744,30.87831656,79.03703704,0.814814815,8241,23.84419367,27.54520083,51.38939449,19.73061522,71.12000971,12.2072564,83.32726611,16.67273389,8241,2.159932047,5801,12.9805206,26.18514049,23.5476642,14.96293742,22.32373729,105284,20702,5.22654816,30.40665434,94.77345184,0.242813456,20702,2.497343252,2.729204908,4.555115448,6.550091779,16.33175539,5481.329114,20702,24.95378928,75.382263,5801,79.46428571,47.46279362,8241,37.98521257,75.28984495,8508,8243,66.1530996,33.8469004,8243,97.30680577,0.35181366,0.10918355,1.419386146,0,0.291156132,0.521654737,8243,97.32257473,0.110031175,0.165046763,1.723821749,0,0.256739409,0.421786173,97.27598566,0.82437276,0,0.82437276,0,0.358422939,0.716845878,51,47.05882353,52.94117647,7993,66.19542099,33.80457901,20705,75.17990823,24.82009177,8243,25.9371588,65.38881475,8.674026447,10.13,11.35,7.23,8243,98.64127138,1.358728618,8508,13.093559,9.038551951,27.42125059,19.95768688,30.48895157,8243,15.64276545,9.499358151,27.23271594,21.91454245,25.71061801,8.207885305,8.996415771,27.74193548,15.80645161,39.24731183,2790,5.23297491,31.03942652,27.20430108,12.97491039,5.698924731,11.89964158,5.949820789,2790,63.47670251,30.5734767,2097,66.04673343,33.95326657,96.88528444,3.114715562,16.81648458,13.11021989,55.85672798,87.34905118,1.495112133,97.6256212
Little Compton,3593,98.85889229,0,0.333982744,0.250487058,0,0,0.556637907,0.862788756,99.13721124,97.99610353,0,0.250487058,0,0.333982744,0,0.556637907,377,278,323,827,23.01697746,17.67325355,60.31171723,3593,100,85.27692736,1481,2.970965564,2.093180284,23.49763673,423,10.40189125,1481,70.62795409,29.37204591,1046,11.34259259,7.175925926,81.48148148,432,2939,47.70330044,52.29669956,3416,614,3.745928339,0,0,2167,0.323027227,1481,1.350438893,3593,3.673810186,132,0,0, ,3416,31.17681499,50.79812207,28.07511737,1814,3482,8.81677197,67.1009772,2604,0.537634409,3.302611367,9.024577573,22.08141321,3416,0,0.234192037,1502,27.03062583,66.99507389,0.985221675,1481,18.56853477,24.91559757,43.48413234,21.80958812,65.29372046,13.70695476,79.00067522,20.99932478,1481,0.87778528,1046,11.66347992,21.22370937,24.66539197,14.62715105,27.82026769,32513,3593,3.395491233,6.557377049,96.60450877,0.225583405,3593,1.97606457,1.419426663,5.288060117,4.341775675,13.02532702,8012.820513,3593,46.72131148,75.74186114,1046,20.51282051,42.10526316,1481,64.92537313,71.1952487,2103,1475,80.61016949,19.38983051,1475,99.18644068,0,0.406779661,0.406779661,0,0,0,1475,99.49537426,0,0,0.504625736,0,0,0,97.9020979,0,2.097902098,0,0,0,0,13,38.46153846,61.53846154,1450,81.24137931,18.75862069,3593,82.18758697,17.81241303,1475,24.47457627,68.40677966,7.118644068,2.44,2.48,2.24,1475,99.72881356,0.271186441,2103,8.939610081,16.8806467,29.52924394,19.16310033,25.48739895,1475,10.34482759,18.33473507,30.78216989,17.83010934,22.70815812,7.692307692,9.090909091,29.02097902,23.42657343,30.76923077,252,13.88888889,31.34920635,25,14.68253968,0,2.380952381,12.6984127,252,70.23809524,17.06349206,1007,76.36544191,23.63455809,70.13789824,29.86210176,25.84485407,19.16282642,67.0890937,84.12348401,0.882028666,96.90996271
Middletown,17334,88.35814007,6.005538249,0.513441791,2.163378332,0.05192108,0.940348448,1.96723203,2.613361025,97.38663898,87.38894658,5.630552671,1.944155994,0.05192108,0.473058729,0.219222338,1.678781585,1943,1594,1429,4427,25.53940233,14.61866851,60.69574247,17334,98.21737625,82.75066344,6996,5.717552887,1.357918811,26.41509434,2343,17.07212975,6996,67.0383076,32.9616924,4690,18.28713281,4.178733968,77.53413322,2417,13669,47.74306826,52.25693174,16141,3086,2.819183409,0,0,10521,0.693850394,6996,1.200686106,17334,6.05169032,1049,46.61582459,489,85.4805726,16141,49.29062636,44.06737054,42.50879839,8628,16649,11.26193765,90.18666667,11900,0.226890756,2.512605042,9.504201681,25.65546218,14992,0.780416222,0.206776948,7074,32.79615493,69.43965517,1.939655172,6996,19.56832476,29.03087479,48.59919954,24.52830189,73.12750143,11.22069754,84.34819897,15.65180103,6996,1.80102916,4690,11.91897655,26.90831557,28.40085288,13.92324094,18.84861407,117968,17037,4.953923813,31.27962085,95.04607619,0.246835052,17037,2.212830897,2.741092915,4.713271116,8.281974526,17.94916945,4354.82866,17037,33.29383886,73.19829556,4690,92.52873563,49.95571302,6996,50.69832402,68.90127389,7603,6993,56.3992564,43.6007436,6993,91.76319176,4.976404976,0.171600172,0.972400972,0,0.829400829,1.287001287,6993,97.26166329,1.698782961,0.126774848,0.278904665,0,0.177484787,0.456389452,84.65070515,9.216136438,0.22958347,1.869465398,0,1.672679567,2.361429977,141,24.11347518,75.88652482,6364,59.85229415,40.14770585,17025,59.13656388,40.86343612,6993,28.6000286,63.54926355,7.850707851,12.39,13.96,11.36,6993,98.44129844,1.558701559,7603,10.74575825,14.95462318,32.52663422,28.54136525,13.2316191,6993,13.76774848,16.5821501,23.80831643,31.28803245,14.55375254,6.297146605,14.33256806,43.52246638,24.79501476,11.0528042,3043,3.680578377,23.59513638,21.52481104,11.8304305,6.243838317,10.61452514,22.51068025,3043,48.8005258,28.68879395,3429,73.63662875,26.36337125,91.97685124,8.023148757,22.61344538,15.57983193,63.8487395,84.82846546,0.857672694,95.41106672
Narragansett,16361,95.58095471,0.886253896,0.971823238,0.69066683,0,0.342277367,1.528023959,0.800684555,99.19931545,95.25701363,0.831245034,0.69066683,0,0.971823238,0.110017725,1.338548988,1296,1050,1047,2871,17.54782715,13.11655767,70.06906668,16361,99.59660167,69.6106595,6848,4.161799065,1.664719626,17.5671729,1602,17.79026217,6848,57.37441589,42.62558411,3929,21.2529274,6.967213115,71.77985948,1708,14122,48.5271208,51.4728792,15725,2115,1.985815603,0,0,11464,0.270411724,6848,0.671728972,16361,2.457062527,402,20.64676617,83,81.92771084,15725,48.54054054,37.57369317,32.41189572,8812,16015,7.368092413,82.88135593,10356,0.357280803,1.747779065,8.709926613,22.46040942,15698,0.343992865,0.382214295,7168,21.20535714,71.84210526,2.039473684,6848,26.41647196,23.21845794,49.63492991,21.34929907,70.98422897,12.33936916,83.32359813,16.67640187,6848,1.504088785,3929,11.96233138,19.41969967,27.36065157,16.06006617,25.19725121,85729,16345,15.99877638,8.986615679,84.00122362,0.18208303,16345,6.809421842,9.189354543,5.432854084,4.82716427,26.25879474,1721.857143,16345,6.118546845,65.30225783,3929,68.55670103,42.1686747,6848,23.35329341,65.62046444,9159,6846,61.9047619,38.0952381,6846,96.49430324,1.226993865,0.408997955,0.569675723,0,0.277534327,1.022494888,6846,97.78197263,0.967437471,0.353940538,0.424728646,0,0,0.471920717,94.40184049,1.648773006,0.498466258,0.805214724,0,0.728527607,1.917177914,34,0,100,6598,62.80691119,37.19308881,16295,63.98895367,36.01104633,6846,27.28600643,66.03856266,6.675430909,7.05,7.18,6.81,6846,99.31346772,0.686532282,9159,12.90533901,18.01506715,37.17654766,22.12031881,9.782727372,6846,15.69136385,20.00943841,35.04011326,19.08919302,10.16989146,10.27607362,17.40797546,44.36349693,19.51687117,8.435582822,2598,4.234026174,22.17090069,15.81986143,10.50808314,10.46959199,29.8691301,6.928406467,2598,42.2247883,50.84680523,3795,78.18181818,21.81818182,74.74615133,25.25384867,24.22750097,17.57435303,64.26226342,84.06718112,1.600090785,96.686034
New Shoreham,1010,97.32673267,0.693069307,0,0.891089109,0,0.891089109,0.198019802,1.584158416,98.41584158,96.63366337,0.693069307,0.891089109,0,0,0,0.198019802,85,65,68,195,19.30693069,17.42574257,64.05940594,1010,99.7029703,70.79207921,473,3.382663848,1.268498943,17.12473573,103,15.53398058,473,53.06553911,46.93446089,251,18.51851852,5.555555556,75.92592593,108,845,47.33727811,52.66272189,951,128,5.46875,0,0,647,0.463678516,473,0,1010,3.366336634,34,35.29411765,12,50,951,38.38065195,55.06849315,29.5890411,551,978,7.770961145,84.21052632,774,0,0.775193798,5.297157623,19.37984496,945,0,0.317460317,439,23.23462415,75.49019608,3.921568627,473,26.42706131,27.90697674,54.33403805,18.81606765,73.15010571,13.74207188,86.89217759,13.10782241,473,0.845665962, , , , , , , , , , , , , , , , , , , , , , , , , ,473,37.31343284,55.66502463,1606,472,68.6440678,31.3559322,472,97.45762712,1.059322034,0,0.847457627,0,0.63559322,0,472,98.7654321,0.617283951,0,0.617283951,0,0,0,94.59459459,2.027027027,0,1.351351351,0,2.027027027,0,3,0,100,460,69.56521739,30.43478261,1007,72.69116187,27.30883813,472,34.74576271,60.38135593,4.872881356,2.13,2.26,1.86,472,100,0,1606,24.96886675,16.56288917,23.47447073,12.32876712,22.66500623,472,19.75308642,18.82716049,23.45679012,8.333333333,29.62962963,15.54054054,12.83783784,31.08108108,10.81081081,29.72972973,140,7.857142857,21.42857143,25.71428571,7.857142857,5.714285714,12.14285714,19.28571429,140,55,25.71428571,269,53.53159851,46.46840149,29.38978829,70.61021171,32.55813953,15.50387597,67.44186047,77.31397459,0,96.64310954
Newport,26475,84.19641171,7.554296506,0.872521246,1.140698772,0.071765817,2.122757318,4.041548631,5.412653447,94.58734655,81.99055713,7.010387158,1.053824363,0.033994334,0.838526912,0.525023607,3.13503305,2566,1879,2108,5827,22.00944287,12.92540132,67.25590179,26475,92.06798867,63.95845137,11562,9.306348383,1.193565127,13.34544197,2757,39.02792891,11562,49.80107248,50.19892752,5758,40.3562864,5.173004454,54.47070915,2919,21956,47.39934414,52.60065586,24880,3652,5.832420591,7.042253521,0.410733844,17806,1.482646299,11562,2.188202733,26475,5.609065156,1485,36.22895623,538,93.866171,24880,56.44694534,46.36143549,42.38108801,13976,25479,8.320577731,76.88679245,17428,0.677071379,3.832912555,12.9561625,21.37938949,23111,0.411059669,0.285578296,11461,23.78501003,65.33382245,4.695524578,11562,31.86299948,26.56979761,58.43279709,19.64193046,78.07472756,9.4274347,87.50216226,12.49783774,11562,6.184051202,5758,23.58457798,21.8304967,23.11566516,13.9805488,17.48871136,206942,24427,14.4102837,35.99431818,85.5897163,0.187640503,24427,8.22450567,6.185778033,8.412821877,6.157121218,28.9802268,2499.711816,24427,10.625,52.53742766,5758,87.7852349,45.18252543,11562,44.765204,51.26059795,13226,11566,41.93325264,58.06674736,11566,86.7024036,7.504755317,0.613868234,0.769496801,0.06052222,1.625453917,2.723499914,11566,93.71134021,3.670103093,0.12371134,0.597938144,0.144329897,0.597938144,1.154639175,81.64085765,10.2739726,0.967837999,0.893388922,0,2.367480643,3.85646218,329,13.67781155,86.32218845,9906,45.75005047,54.24994953,24375,45.13230769,54.86769231,11566,39.39131938,55.17897285,5.429707764,17.04,15.45,16.11,11566,98.1583953,1.841604703,13226,3.387267503,5.564796613,17.05731136,19.59776198,54.39286254,11566,3.587628866,5.402061856,10.26804124,16.18556701,64.55670103,3.618225134,4.600952948,22.2900536,24.06194163,45.42882668,6692,6.694560669,25.31380753,27.48057382,12.35803945,7.949790795,14.16616856,6.037059175,6692,59.48894202,34.4739988,3448,71.66473318,28.33526682,87.44896416,12.55103584,26.34840487,15.11934818,62.84714253,69.00400687,2.454207212,92.44938236
North Kingstown,26326,95.05811745,1.040796171,0.315277672,0.957228595,0,1.05219175,1.576388361,2.184152549,97.81584745,94.24143432,1.014206488,0.957228595,0,0.288687989,0.064574945,1.249715111,3089,2583,2417,7161,27.20124592,11.63868419,62.22745575,26326,98.93261415,85.47823445,10166,7.357859532,2.11489278,27.03128074,3711,20.1562921,10166,72.10308873,27.89691127,7330,20.76403326,5.847193347,73.38877339,3848,20654,47.04657693,52.95342307,24566,5120,4.6484375,21.42857143,1.38671875,16382,0.598217556,10166,0.48199882,26326,3.384486819,891,26.03815937,232,65.94827586,24566,40.03500773,45.22623284,23.23335028,13738,25316,11.66455996,81.47646461,17833,0.11775921,1.872932204,8.495485897,23.32193125,24226,0.590274911,0.524230166,10691,33.89767094,72.3785872,3.752759382,10166,19.36848318,21.55223293,40.92071611,22.73263821,63.65335432,15.16820775,78.82156207,21.17843793,10166,2.242770018,7330,12.03274216,19.07230559,24.02455662,18.45839018,26.41200546,206658,26033,7.090999885,35.91549296,92.90900012,0.254764956,26033,3.610801675,3.48019821,4.425152691,5.016709561,16.53286214,4115.340909,26033,14.73456121,74.17621036,7330,85.57919622,50.47053714,10166,46.56160458,76.16875713,10743,10154,74.37463069,25.62536931,10154,96.59247587,1.01437857,0.344691747,0.748473508,0,0.827260193,0.47272011,10154,97.89459746,0.688559322,0,0.715042373,0,0.516419492,0.185381356,92.8132206,1.960030746,1.345119139,0.845503459,0,1.729438893,1.306687164,155,61.29032258,38.70967742,9754,75.30244002,24.69755998,26045,78.85582645,21.14417355,10154,22.42466023,69.37167619,8.203663581,17.9,18.81,15.27,10154,99.0053181,0.994681899,10743,14.28837382,11.84957647,36.76812808,20.4691427,16.62477893,10154,19.34586864,12.38082627,38.45338983,17.37288136,12.4470339,1.844734819,11.52959262,33.5895465,27.97847809,25.05764796,2553,4.151978065,26.7528398,28.28045437,11.28084606,4.974539757,16.41206424,8.147277712,2553,59.18527223,32.66745006,6660,78.34834835,21.65165165,94.51736014,5.482639859,26.36684798,13.95727023,63.64604946,84.75032756,1.273838987,96.3735959
North Providence,32411,91.34244547,2.829286353,0.206719941,2.28934621,0,1.592052081,1.740149949,3.924593502,96.0754065,89.42025855,2.502236895,2.28934621,0,0.206719941,0.453549721,1.203295178,2856,2374,2146,6286,19.39464996,19.92533399,61.92650643,32411,98.64860695,78.12779612,14338,4.993722974,1.325149951,16.43185939,3262,21.9497241,14338,59.77123727,40.22876273,8570,23.75342466,5.863013699,70.38356164,3650,27516,45.92237244,54.07762756,30978,4449,5.259608901,17.09401709,1.483479434,20071,2.19719994,14338,3.870832752,32411,9.783715405,3171,38.5367392,1222,72.17675941,30978,37.76228291,76.85074372,12.39528124,15984,31518,7.893901897,81.22990354,24057,0.889553976,4.676393565,22.66284242,30.49424284,30681,0.495420619,0.420455657,14714,22.87617235,68.59774213,5.31788473,14338,29.33463524,32.18719487,61.5218301,20.72116055,82.24299065,8.418189427,90.66118008,9.338819919,14338,3.208257777,8570,16.97782964,31.3302217,26.19603267,12.91715286,12.57876313,116838,32036,8.065925833,22.40712074,91.93407417,0.175505908,32036,3.677113248,4.388812586,6.317892371,8.019103509,22.40292171,3207.612903,32036,23.8003096,65.29267961,8570,68.26722338,41.07032505,14338,39.05399749,63.91329818,14867,14351,60.26757717,39.73242283,14351,92.48136018,3.065988433,0.257821755,1.853529371,0,0.787401575,1.553898683,14351,95.58330443,1.58399815,0.138744364,0.913400393,0,0.659035727,1.121516938,87.77621887,5.313924939,0.438442652,3.279551035,0,0.98211154,2.209750965,361,36.28808864,63.71191136,13084,62.71018037,37.28981963,31973,68.40146374,31.59853626,14351,34.79896871,59.20144938,5.999581911,11.21,12.58,9.16,14351,97.47055954,2.529440457,14867,7.493105536,20.31344589,37.92291653,19.10943701,15.16109504,14351,6.983466297,16.41808302,38.53624696,23.04312637,15.01907735,7.944580849,25.93826727,37.23254998,13.45142055,15.43318134,5702,4.910557699,25.86811645,29.83163802,13.43388285,7.295685724,13.96001403,4.700105226,5702,60.61031217,34.6895826,3938,65.33773489,34.66226511,96.5292258,3.470774198,13.517895,7.68175583,51.69389367,85.88588589,2.264764765,95.37919482
North Smithfield,10618,98.38010925,0.5556602,0,0.047089847,0,0.517988322,0.499152383,0.73460162,99.26539838,97.70201545,0.5556602,0.047089847,0,0,0.461480505,0.499152383,1137,951,849,2512,23.65793935,18.38387644,59.27669994,10618,97.17460915,86.80542475,3973,4.455071734,0.276868865,26.73043041,1250,14.16,3973,75.86206897,24.13793103,3014,14.11229135,1.441578149,84.4461305,1318,8684,46.52233994,53.47766006,10070,1824,1.206140351,0,1.151315789,6294,0.826183667,3973,2.063931538,10618,3.023168205,321,7.788161994,25,44,10070,27.34856008,74.00145243,18.11909949,5345,10250,10.4,89.77485929,7676,0.325690464,6.083897863,17.8348098,26.9671704,9770,0.788126919,0.42988741,4563,28.44619768,78.50539291,1.155624037,3973,20.91618424,21.74679084,42.66297508,25.04404732,67.7070224,15.10193808,82.80896048,17.19103952,3973,0.604077523,3014,11.01526211,20.4047777,28.50033179,18.61313869,21.46648971,74927,10309,3.482394025,20.05571031,96.51760598,0.230251256,10309,1.93035212,1.552041905,2.366863905,6.227568144,12.07682607,7616.806723,10309,9.470752089,80.79396985,3014,67.85714286,43.27248141,3973,23.7244898,81.56939402,4070,3954,79.13505311,20.86494689,3954,98.78603945,0.531107739,0,0,0,0.177035913,0.505816894,3954,99.1690636,0.415468201,0,0,0,0.223713647,0.191754554,97.33333333,0.96969697,0,0,0,0,1.696969697,26,100,0,3880,79.30412371,20.69587629,10318,86.21825935,13.78174065,3954,21.44663632,69.75214972,8.801213961,7.82,8.5,5.63,3954,99.49418311,0.505816894,4070,11.42506143,12.75184275,28.91891892,26.60933661,20.29484029,3954,11.18568233,13.29498242,30.26526047,28.4435922,16.81048258,12.72727273,12.48484848,25.33333333,20.96969697,28.48484848,804,5.970149254,29.85074627,23.25870647,8.955223881,5.348258706,14.4278607,12.18905473,804,59.07960199,28.73134328,1315,67.45247148,32.54752852,97.14987715,2.85012285,16.79260031,9.132360604,52.89213132,88.8868101,0.879326473,97.59942673
Pawtucket,72958,75.27207434,7.139724225,0.22204556,0.86076921,0.052084761,10.97069547,5.482606431,13.93404424,86.06595576,69.19597577,6.713451575,0.821020313,0.038378245,0.186408619,4.93571644,4.175004797,8429,6839,6289,19010,26.05608706,14.80303736,60.35390225,72958,99.09674059,80.32977878,30042,10.3921177,2.529791625,18.17455562,9342,33.4189681,30042,61.64037015,38.35962985,18518,33.8013838,8.302808303,57.8958079,9828,57531,46.40280892,53.59719108,68081,13248,19.28592995,9.080234834,2.506038647,44033,9.779029364,30042,11.10778244,72958,23.35042079,17036,35.77130782,6094,84.96882179,68081,43.40858683,69.98274287,15.47389436,32241,70193,10.9854259,83.14096745,48132,3.056178842,9.991273997,33.80079781,29.99875343,67580,0.992897307,0.785735425,30387,29.2065686,63.33521127,6.163380282,30042,39.89747687,30.55389122,70.45136808,17.14266693,87.59403502,7.273150922,94.86718594,5.13281406,30042,6.740563212,18518,30.91046549,32.01209634,21.13619181,9.547467329,6.393779026,361812,72355,16.76594568,37.44126618,83.23405432,0.22286796,72355,7.34434386,9.421601824,11.41317117,9.677285606,37.85640246,1071.847437,72355,21.0534993,62.24594846,18518,80.99563953,48.19865533,30042,51.32524708,65.98542909,31819,30047,44.41707991,55.58292009,30047,80.18770593,6.360035944,0.196359038,0.758811196,0.023296835,8.207142144,4.266648917,30047,89.39757231,2.480143863,0.239772216,0.651880713,0,4.255956841,2.97467406,72.82797437,9.460511347,0.161666966,0.844260823,0.041913658,11.36458895,5.299083887,3114,18.0475273,81.9524727,22746,51.20021103,48.79978897,72299,50.15283752,49.84716248,30047,32.32269445,59.17728891,8.500016641,50.3,58.79,44.7,30047,96.08613173,3.913868273,31819,2.529934945,6.829252962,18.7466608,29.70552186,42.18862944,30047,1.835756032,5.005245017,12.49812678,37.65922374,43.00164843,3.305191306,8.718040836,23.25609245,24.18418059,40.53649482,16690,8.645895746,27.92091072,22.58837627,13.03774715,5.80587178,17.15997603,4.841222289,16690,59.15518274,36.00359497,4445,62.81214848,37.18785152,94.43100035,5.568999654,8.780021607,5.495304579,44.27407961,75.83201514,3.681647592,92.85774234
Portsmouth,17149,95.31167998,1.749373141,0.134118607,1.556942096,0,0.209924777,1.037961397,0.734736719,99.26526328,94.79853053,1.749373141,1.556942096,0,0.134118607,0.145781095,0.880517814,2058,1764,1441,4495,26.2114409,13.70925418,61.13476004,17149,99.79007522,86.3548895,6766,4.936446941,1.211942063,27.07655927,2248,14.85765125,6766,71.91841561,28.08158439,4866,14.86718081,3.727506427,81.40531277,2334,13559,48.60240431,51.39759569,16084,3249,0.984918436,0,0.246229609,10484,0.333842045,6766,1.019804907,17149,3.982739518,683,22.98682284,157,79.61783439,16084,40.54961452,47.05611776,38.69978534,8718,16527,12.05300417,84.58835341,12040,0.174418605,3.222591362,9.127906977,23.58803987,15757,0.545789173,0.38712953,6830,32.45973646,74.33468651,2.029769959,6766,15.56310967,24.19450192,39.75761159,25.90895655,65.66656813,14.14425067,79.8108188,20.1891812,6766,1.52231747,4866,6.678997123,20.40690506,29.79860255,18.14632141,24.96917386,84081,17058,3.364990034,20.55749129,96.63500997,0.251213298,17058,1.406964474,1.95802556,3.880877008,5.035760347,12.28162739,6534.061135,17058,26.30662021,77.15360349,4866,67.01030928,47.57810862,6766,32.9394387,76.25225817,7386,6758,74.03077834,25.96922166,6758,95.81237052,1.849659663,0.22195916,1.228174016,0,0.118378218,0.76945842,6758,97.20167899,0.959424345,0.299820108,0.99940036,0,0,0.539676194,91.85185185,4.387464387,0,1.88034188,0,0.455840456,1.424501425,28,46.42857143,53.57142857,6460,75.27863777,24.72136223,17113,76.88307135,23.11692865,6758,23.3353063,68.61497484,8.049718852,7.57,7.88,6.67,6758,99.63006807,0.369931933,7386,12.21229353,16.0574059,35.40481993,21.50013539,14.82534525,6758,14.49130522,18.46891865,35.47871277,19.20847492,12.35258845,6.096866097,13.10541311,40.91168091,19.48717949,20.3988604,1735,5.821325648,25.18731988,22.13256484,12.04610951,4.841498559,11.58501441,18.38616715,1735,53.14121037,28.47262248,4356,74.65564738,25.34435262,91.49742757,8.502572434,25.91362126,16.97674419,66.47840532,85.69626061,0.940582702,96.39233371
Providence,173618,54.92460459,13.89487265,1.163473833,6.166987294,0.160121646,17.89733783,5.79260215,29.97788248,70.02211752,46.12540174,12.30056791,6.077710836,0.050685989,0.92213941,0.968793558,3.576818072,23226,17961,17390,50060,28.83341589,10.56975659,63.3845569,173618,92.11890472,72.0437973,62327,14.03565068,2.612030099,16.6171964,20733,42.1936044,62327,58.05990983,41.94009017,36187,43.04534863,8.635060047,48.31959132,22316,135105,46.6192961,53.3807039,161631,33233,42.1809647,12.43401341,6.589835405,110047,12.77181568,62327,13.2478701,173618,25.3124676,43947,45.36600906,19937,86.02096604,161631,55.37118498,52.3861135,29.9306122,67169,166221,11.56713051,87.33031674,96154,3.674314121,11.51798157,34.22010525,23.05364311,160113,0.745723333,1.117335882,71167,28.06918937,52.9835803,6.838205847,62327,47.09355496,26.54708232,73.64063728,13.06496382,86.7056011,6.284595761,92.99019686,7.009803135,62327,10.21066312,35192,40.46374176,27.27324392,14.84712435,7.811434417,9.604455558,580918,156117,29.43305342,38.6594124,70.56694658,0.230785989,156117,13.86652318,15.56653023,13.34640046,9.355163115,52.13461699,570.3839402,156117,20.64200218,53.03312244,35192,88.50547639,52.87442418,62327,52.02238717,62.15597566,67915,62389,34.56538813,65.43461187,62389,61.63105676,13.42544359,0.862331501,4.867845293,0.134639119,14.21564699,4.863036753,62389,72.63157895,10.87410155,0.445165778,3.677254811,0.162300023,9.153721308,3.055877579,55.82010582,14.77317264,1.082696453,5.496766608,0.120027435,16.88957476,5.817656281,14429,19.80040197,80.19959803,34425,43.44517066,56.55482934,159935,39.18529403,60.81470597,62389,32.25408325,55.14273349,12.60318325,97.92,112.39,90.77,62389,91.62512622,8.374873776,67915,4.839873371,6.55525289,18.50253994,23.05823456,47.04409924,62389,4.247623464,4.358914908,10.44748435,24.24298632,56.70299096,5.408583186,8.174113267,22.75377229,22.22467176,41.43885949,40808,7.442168202,21.38796314,22.4882376,12.63967849,6.805038228,23.29690257,5.940011762,40808,51.31836895,42.74161929,6628,58.94689197,41.05310803,91.86335861,8.13664139,13.09981904,11.28814194,47.44160409,60.49219134,7.29205437,90.67212324
Richmond,7222,97.36914982,0.401550817,0.664635835,0.872334533,0,0,0.692328995,0.540016616,99.45998338,96.8291332,0.401550817,0.872334533,0,0.664635835,0,0.692328995,825,704,656,2087,28.89781224,7.034062587,65.1481584,7222,99.61229576,89.947383,2533,3.553099092,1.500197394,36.47848401,1052,8.55513308,2533,79.90525069,20.09474931,2024,9.64833183,4.238052299,86.11361587,1109,5533,48.96078077,51.03921923,6648,1435,0.905923345,0,0.557491289,4705,0.170031881,2533,0,7222,2.298532263,166,13.25301205,22,100,6648,37.00361011,45.6097561,17.19512195,3733,6874,11.82717486,87.33087331,4751,1.073458219,2.525784045,12.73416123,29.74110714,6631,0.573065903,0.648469311,2753,39.01198692,70.11173184,5.679702048,2533,9.395973154,28.06948283,37.46545598,32.17528622,69.6407422,18.4366364,88.0773786,11.9226214,2533,1.342281879,2024,5.138339921,23.96245059,35.8201581,20.75098814,14.32806324,22351,7181,2.966160702,38.49765258,97.0338393,0.270665901,7181,1.991366105,0.974794597,4.177691129,3.829550202,10.97340203,30442.85714,7181,3.755868545,83.98392652,2024,100,53.92749245,2533,52.77777778,81.98045049,2620,2537,90.65825778,9.341742215,2537,97.24083563,0.630666141,0.985415845,0.82774931,0,0,0.315333071,2537,96.95652174,0.695652174,1.086956522,0.913043478,0,0,0.347826087,100,0,0,0,0,0,0,7,100,0,2460,90.36585366,9.634146341,7194,93.16096747,6.839032527,2537,14.26882144,74.49743792,11.23374064,2.84,2.91,2.08,2537,98.02916831,1.970831691,2620,26.52671756,26.03053435,28.81679389,7.251908397,11.3740458,2537,29.39130435,27.39130435,27.91304348,5.043478261,10.26086957,0,17.29957806,37.97468354,18.56540084,26.16033755,227,16.29955947,36.56387665,21.58590308,4.405286344,0,3.524229075,17.62114537,227,74.44933921,7.929515419,1996,77.15430862,22.84569138,96.83206107,3.167938931,16.12292149,10.69248579,56.55651442,89.31154567,0.267881061,94.59053343
Scituate,10324,98.64393646,0.280898876,0,0.280898876,0.193723363,0.087175513,0.513366912,0.222781867,99.77721813,98.48895777,0.280898876,0.280898876,0.193723363,0,0.087175513,0.445563735,1258,1040,1005,2787,26.99535064,12.01084851,62.45641224,10324,99.42851608,89.67454475,3782,3.46377578,0.237969328,32.04653622,1352,9.689349112,3782,77.71020624,22.28979376,2939,9.773371105,0.637393768,89.58923513,1412,8167,48.53679442,51.46320558,9709,2021,1.237011381,20,0.247402276,6448,0.310173697,3782,0.264410365,10324,2.867105773,296,14.52702703,43,51.1627907,9709,29.4778041,70.47519217,11.67016073,5389,9873,11.07059658,82.79963403,7075,0.494699647,3.038869258,12.79151943,27.67491166,9659,0.548711047,0.37270939,4149,34.80356712,72.92243767,1.385041551,3782,15.38868324,22.3162348,37.70491803,26.17662612,63.88154416,15.86462189,79.74616605,20.25383395,3782,0.898995241,2939,8.370193944,19.22422593,28.37699898,19.36032664,24.66825451,56011,10244,3.855915658,28.60759494,96.14408434,0.252411412,10244,1.20070285,2.655212807,3.358063257,4.226864506,11.44084342,3944.347826,10244,44.81012658,83.72423596,2939,89.65517241,47.20583131,3782,53.54609929,79.65714286,3904,3780,86.21693122,13.78306878,3780,98.5978836,0.238095238,0,0.476190476,0.264550265,0,0.423280423,3780,98.86468242,0,0,0.552316662,0.30684259,0,0.276158331,96.92898273,1.727447217,0,0,0,0,1.343570058,7,100,0,3720,86.42473118,13.57526882,10265,89.1962981,10.8037019,3780,18.5978836,71.85185185,9.55026455,5.43,5.61,4.24,3780,99.31216931,0.687830688,3904,14.29303279,14.6772541,28.38114754,19.72336066,22.92520492,3780,15.43418226,15.31144523,29.73304695,18.87081927,20.65050629,4.606525912,12.66794626,19.96161228,23.03262956,39.73128599,491,10.18329939,34.82688391,20.77393075,9.368635438,1.425661914,6.313645621,17.10794297,491,65.78411405,17.10794297,1171,67.37830914,32.62169086,96.82377049,3.176229508,19.68904594,11.20848057,58.57243816,88.99610317,0,97.18458561
Smithfield,20589,96.97411239,1.427946962,0.01942785,0.908251979,0,0.135994949,0.53426587,0.86939628,99.13060372,96.40099082,1.40366215,0.908251979,0,0.01942785,0.029141775,0.369129147,2325,1830,1609,4509,21.90004371,16.46995969,64.2041867,20589,86.3519355,74.55923066,7212,4.769828064,1.344980588,23.76594565,2155,15.96287703,7212,69.75873544,30.24126456,5031,17.96536797,4.372294372,77.66233766,2310,17360,47.69009217,52.30990783,19725,3115,0.738362761,34.7826087,0.738362761,13219,0.4841516,7212,0.582362729,20589,3.424158531,705,17.30496454,122,100,19725,38.10392902,62.21394359,25.43906333,10038,20090,8.93479343,81.83844011,13479,0.319014764,4.050745604,14.56339491,27.61332443,19077,0.802012895,1.074592441,8911,24.48658961,78.32263978,4.03299725,7212,21.46422629,22.83693844,44.30116473,22.82307266,67.12423738,14.82251803,81.94675541,18.05324459,7212,0.651691625,5031,10.41542437,20.61220433,27.62870205,18.10773206,23.23593719,90821,17820,4.349046016,19.74193548,95.65095398,0.222939278,17820,1.346801347,3.002244669,3.327721661,5.49382716,13.17059484,4322.067039,17820,27.22580645,73.34115576,5031,60.28368794,45.50102249,7212,40.28368794,72.95220532,7403,7192,78.87931034,21.12068966,7192,98.31757508,1.070634038,0.083426029,0.305895439,0,0,0.22246941,7192,98.44879253,0.775603737,0.105764146,0.387801868,0,0,0.282037723,97.8275181,2.172481896,0,0,0,0,0,35,77.14285714,22.85714286,7042,79.01164442,20.98835558,17779,86.96214635,13.03785365,7192,26.73804227,65.60066741,7.661290323,9.96,10.8,6.92,7192,99.55506118,0.444938821,7403,14.11589896,17.80359314,33.17573957,19.65419425,15.25057409,7192,11.77507492,17.59210294,36.87643222,20.37722545,13.37916446,19.94733377,19.35483871,21.59315339,18.1040158,21.00065833,1514,5.614266843,28.4015852,18.75825627,11.03038309,3.038309115,26.42007926,6.737120211,1514,52.77410832,40.48877147,2411,69.34881792,30.65118208,97.14980413,2.850195867,17.21937829,11.61065361,56.44335633,85.99322574,2.281330942,94.10911727
South Kingstown,27921,90.87783389,1.307259769,1.307259769,3.463343003,0.078793739,0.98134021,1.984169621,1.679739264,98.32026074,90.22599477,1.282189033,3.463343003,0.078793739,1.307259769,0.118190609,1.844489811,3669,2676,2865,7343,26.29920132,11.81547939,66.00050141,27921,85.01486336,71.61276459,9254,5.014047979,1.242705857,28.4093365,3208,14.4638404,9254,68.80267992,31.19732008,6367,15.45128512,3.885236103,80.66347878,3346,22809,47.24450875,52.75549125,26454,4727,1.798180664,8.235294118,0.655807066,18428,0.841111352,9254,1.199481305,27921,5.748361448,1605,44.79750779,719,81.64116829,26454,45.71709382,42.36811642,29.51876964,13445,27114,10.17186693,85.53299492,16149,0.563502384,1.752430491,8.718806118,20.84958821,26208,0.415903541,1.415598291,11773,27.14686146,70.18147685,2.096370463,9254,17.76529069,25.5565161,43.32180679,22.81175708,66.13356386,14.45861249,80.59217636,19.40782364,9254,1.728982062,6367,7.994345846,22.12973143,26.19758128,18.37600126,25.30234019,118719,23747,5.272244915,25.87859425,94.72775508,0.258190709,23747,2.092895945,3.17934897,4.644797238,4.404766918,14.32180907,4879.136691,23747,25.0798722,72.9851078,6367,83.41708543,51.55642023,9254,34.42469598,73.29260843,11291,9268,74.93526111,25.06473889,9268,94.14113077,0.356063876,1.165299957,2.514026759,0.086318515,0.323694432,1.413465688,9268,96.80345572,0.172786177,0.30237581,1.425485961,0.115190785,0.331173506,0.849532037,86.18166164,0.904003444,3.745157124,5.768402927,0,0.301334481,3.099440379,63,88.88888889,11.11111111,8692,76.96732628,23.03267372,23737,80.28815773,19.71184227,9268,24.16918429,66.65947346,9.171342253,12.41,13.51,9.49,9268,98.7268019,1.273198101,11291,18.24461961,17.45638119,27.23408024,17.51837747,19.54654149,9268,25.12598992,17.37940965,25.47156228,13.174946,18.84809215,7.145931985,21.99741713,25.48428756,16.44425312,28.9281102,2298,5.961705831,25.45691906,29.37336815,13.18537859,5.874673629,14.01218451,6.135770235,2298,60.79199304,33.07223673,6268,76.81876197,23.18123803,82.08307502,17.91692498,26.90569075,19.93312279,67.68840176,75.96876162,0.632205281,91.24175165
Tiverton,15260,98.38138925,0.419397117,0.03931848,0.190039318,0,0.157273919,0.812581913,0.622542595,99.3774574,97.91612058,0.419397117,0.190039318,0,0.03931848,0.04587156,0.766710354,1629,1387,1277,3561,23.33551769,16.44823067,61.42201835,15260,99.75753604,87.11664482,6065,3.561417972,0.890354493,24.88046167,1779,12.14165261,6065,72.86067601,27.13932399,4419,13.94628099,4.183884298,81.86983471,1936,12470,48.34001604,51.65998396,14477,2594,1.464919044,18.42105263,1.387818042,9373,1.269604182,6065,0.610057708,15260,4.134993447,631,0,0, ,14477,28.92173793,45.92787198,44.7098161,7646,14738,10.27954946,85.74257426,10952,1.123082542,7.395909423,20.45288532,29.57450694,14437,0.609544919,0.602618272,6362,29.78623075,75.88390501,2.90237467,6065,23.62737016,26.39736191,50.02473207,24.18796373,74.2126958,12.99258038,87.20527617,12.79472383,6065,1.698268755,4419,13.93980539,25.39035981,29.66734555,16.31590858,14.68658067,67302,15204,4.492238885,13.46998536,95.50776112,0.223469458,15204,2.065245988,2.426992897,4.847408577,6.294396212,15.63404367,5366.945607,15204,24.89019034,75.24963845,4419,47.69230769,43.69316857,6065,39.58587089,78.07017544,6474,6077,79.82557183,20.17442817,6077,98.43672865,0.279743294,0.115188415,0.148099391,0,0.098732927,0.921507323,6077,98.43331272,0.350443208,0.144300144,0.185528757,0,0,0.886415172,98.4502447,0,0,0,0,0.489396411,1.060358891,15,60,40,5973,79.79239913,20.20760087,15223,83.25560008,16.74439992,6077,23.20223795,69.29405957,7.503702485,7.4,7.76,6.13,6077,98.3709067,1.629093303,6474,13.56194007,11.39944393,28.59128823,25.82638245,20.62094532,6077,11.21418264,12.88394146,33.29210472,27.0459699,15.56380128,19.00489396,6.280587276,15.00815661,23.5725938,36.13376835,1213,7.996702391,24.56718879,15.33388293,7.831821929,4.369332234,22.34130256,17.55976917,1213,47.89777411,34.54245672,4196,73.3079123,26.6920877,93.86777881,6.132221192,14.73703433,9.304236669,53.61577794,86.00575464,0.863196443,94.96534112
Warren,11360,96.55809859,0.871478873,0.167253521,0.580985915,0,0.290492958,1.531690141,0.915492958,99.08450704,96.03873239,0.801056338,0.580985915,0,0.167253521,0.052816901,1.443661972,1067,902,832,2535,22.31514085,18.02816901,60.35211268,11360,97.6056338,80.25528169,4717,6.465974136,1.568793725,20.64871741,1353,22.54249815,4717,64.25694297,35.74305703,3031,22.98528381,6.517168886,70.4975473,1427,9320,46.54506438,53.45493562,10788,1884,0, ,0.371549894,6856,1.312718786,4717,3.625185499,11360,8.926056338,1014,9.368836292,95,80,10788,35.24286244,57.23303524,22.22514466,5623,11031,9.926570574,77.71689498,8029,1.918047079,8.120562959,23.17847802,29.30626479,10510,0.93244529,0.742150333,4935,26.97061803,77.83621337,2.629601803,4717,31.14267543,27.750689,58.89336443,20.28831885,79.18168327,10.09115964,89.27284291,10.72715709,4717,2.565189739,3031,19.23457605,28.20851204,25.33817222,13.03200264,14.18673705,67005,11084,7.253699026,25.49751244,92.74630097,0.217217899,11084,3.951642006,3.302057019,6.703356189,9.653554673,23.61060989,4980.588235,11084,18.90547264,68.42412451,3031,65.40880503,46.06545961,4717,40.99616858,68.88662938,4977,4708,58.5386576,41.4613424,4708,97.6635514,0.700934579,0.084961767,0.679694138,0,0.276125743,0.59473237,4708,99.23802612,0.253991292,0,0.507982583,0,0,0,95.44057377,1.331967213,0.204918033,0.922131148,0,0.665983607,1.43442623,35,20,80,4576,59.61538462,40.38461538,11088,67.72186147,32.27813853,4708,30.67119796,62.23449448,7.094307562,7.13,8.19,5.51,4708,98.49192863,1.508071368,4977,5.605786618,12.5376733,22.08157525,20.37371911,39.40124573,4708,8.454281567,16.18287373,24.0203193,20.57329463,30.76923077,1.793032787,8.196721311,21.67008197,21.56762295,46.77254098,1952,8.555327869,31.30122951,22.18237705,13.01229508,4.969262295,12.39754098,7.581967213,1952,62.03893443,30.37909836,2319,73.35058215,26.64941785,94.59513763,5.404862367,15.13264416,7.722007722,52.16091668,83.12288814,1.689489596,93.83138021
Warwick,85808,95.14031326,1.076822674,0.262213313,1.491702405,0.01864628,0.512772702,1.497529368,1.593091553,98.40690845,94.26743427,1.037199329,1.485875443,0.01864628,0.188793586,0.10721611,1.301743427,8573,7103,6670,19519,22.74729629,16.9937535,61.19942197,85808,98.84509603,81.77442663,35543,4.439692767,1.719044538,21.63013814,9877,15.97651109,35543,64.89041443,35.10958557,23064,17.69617611,6.75585919,75.5479647,10539,70252,46.71326083,53.28673917,81078,13982,2.224288371,25.08038585,0.986983264,52514,0.708382527,35543,1.066314042,85808,4.768786127,4092,21.72531769,889,75.25309336,81078,34.95892844,51.28775049,15.11783799,43088,83067,9.657264618,82.07429569,61276,0.496115934,3.04850186,15.02709054,32.12840264,80247,0.565753237,0.382568819,37009,26.88265017,74.73112876,3.347070057,35543,24.2945165,29.72737248,54.02188898,23.48985736,77.51174634,12.17117295,89.68291928,10.31708072,35543,2.647497398,23064,13.35414499,29.10596601,28.35587929,15.56538328,13.61862643,481381,84692,5.942710055,24.6969998,94.05728994,0.215769718,84692,2.244603977,3.698106078,5.319274548,6.756246163,18.01823077,3947.242752,84692,25.17385257,69.5363989,23064,65.98150051,44.8010502,35543,38.47123058,68.97761606,37085,35517,72.64690148,27.35309852,35517,96.52842301,0.960103612,0.191457612,1.179716755,0,0.374468564,0.765830447,35517,97.29090768,0.623982637,0.178280753,0.868149756,0,0.344934501,0.693744671,94.50334534,1.852804941,0.226453937,2.007205353,0,0.452907874,0.957282553,372,63.44086022,36.55913978,34050,73.30983847,26.69016153,84817,78.74364809,21.25635191,35517,29.6900076,62.99800096,7.311991441,48.35,52.07,39.96,35517,98.62319453,1.376805473,37085,6.983955777,9.254415532,30.00134825,34.79304301,18.96723743,35517,6.58863654,7.941244865,25.63367181,40.50073638,19.33571041,7.89500772,13.03139475,42.92331446,20.71024189,15.44004117,9715,5.13638703,26.05249614,28.89346372,13.04168811,5.959855893,15.30622748,5.609881626,9715,60.08234689,34.30777149,23665,74.16437777,25.83562223,95.77187542,4.228124579,16.60193224,7.921535348,56.65187023,86.52525065,1.508540661,95.93258721
West Greenwich,5115,98.43597263,0.117302053,0,0.54740958,0,0.234604106,0.664711632,1.661779081,98.33822092,97.00879765,0.117302053,0.54740958,0,0,0,0.664711632,640,524,536,1555,30.40078201,6.138807429,64.84848485,5115,99.53079179,92.16031281,1771,4.968944099,2.032749859,35.51665726,753,11.68658699,1771,82.4957651,17.5042349,1461,12.24226804,4.639175258,83.1185567,776,3890,50.25706941,49.74293059,4699,1068,2.059925094,72.72727273,1.498127341,3317,0.180886343,1771,0.621118012,5115,2.561094819,131,11.45038168,15,100,4699,32.68780592,43.359375,25.84635417,2761,4940,12.67206478,85.94249201,3341,0,2.424423825,8.470517809,27.44687219,4688,1.066552901,0.639931741,1923,38.94955798,73.8317757,2.403204272,1771,13.77752682,18.91586674,32.69339356,26.82100508,59.51439864,19.93224167,79.44664032,20.55335968,1771,1.863354037,1461,8.761122519,18.41204654,27.65229295,22.17659138,22.99794661,25750,5090,4.184675835,18.77934272,95.81532417,0.290957556,5090,1.041257367,3.143418468,3.988212181,4.872298625,13.04518664,8350.943396,5090,44.1314554,82.59175723,1461,19.44444444,53.96491228,1771,53.14285714,85.71428571,1805,1748,88.84439359,11.15560641,1748,98.97025172,0,0,0.343249428,0,0.343249428,0.343249428,1748,98.84095299,0,0,0.386349002,0,0.386349002,0.386349002,100,0,0,0,0,0,0,12,100,0,1724,88.68909513,11.31090487,5091,93.40011786,6.599882145,1748,13.15789474,74.88558352,11.95652174,2.91,3.06,1.72,1748,99.59954233,0.400457666,1805,28.53185596,20.94182825,30.91412742,12.02216066,7.590027701,1748,30.71474565,23.37411462,29.49130715,10.68898905,5.730843529,16.41025641,4.102564103,42.05128205,19.48717949,17.94871795,164,9.146341463,17.07317073,18.90243902,13.41463415,0,27.43902439,14.02439024,164,45.12195122,40.85365854,1332,77.17717718,22.82282282,96.84210526,3.157894737,19.81442682,10.0568692,57.31816821,89.71387179,0.217312568,95.22835719
West Warwick,29581,93.65133025,0.902606403,0.358338122,1.544910584,0,1.646327034,1.89648761,3.241945844,96.75805416,92.10641966,0.760623373,1.507724553,0,0.334674284,0.402285251,1.646327034,2857,2324,2278,6875,23.24126973,14.12731145,63.45965316,29581,99.36445691,79.84517089,12490,8.206565252,1.713370697,18.66293034,3570,28.71148459,12490,61.74539632,38.25460368,7712,29.69583778,5.843116329,64.46104589,3748,23998,47.10392533,52.89607467,27644,4693,4.943532921,11.63793103,0.980183252,18772,2.104197741,12490,3.21857486,29581,7.139718062,2112,22.77462121,481,77.33887734,27644,42.90261901,58.84485666,13.6846543,14563,28435,9.12959381,79.39137134,20106,0.900228787,7.35601313,23.80881329,31.66716403,27457,0.644644353,0.582729359,12560,27.6910828,68.63139735,3.018976423,12490,30.08006405,32.51401121,62.59407526,20.54443555,83.13851081,9.759807846,92.89831865,7.101681345,12490,3.522818255,5886,24.02310567,32.63676521,24.43085287,12.82704723,6.082229018,97127,22844,12.72106461,37.16448727,87.27893539,0.201023172,22844,4.902819121,7.818245491,9.700577832,9.67431273,32.09595517,1508.949416,22844,22.57398486,60.73327315,5886,82.79742765,43.92097264,12490,47.92071512,65.33225774,13186,12498,54.42470795,45.57529205,12498,95.27924468,0.656104977,0.456072972,1.152184349,0,0.648103697,1.808289326,12498,96.88326963,0.514554543,0.147015584,1.014407527,0,0.352837401,1.087915319,93.36376404,0.825140449,0.825140449,1.316713483,0,1.000702247,2.668539326,251,19.92031873,80.07968127,11769,55.71416433,44.28583567,29393,59.60943082,40.39056918,12498,31.2049928,61.6818691,7.113138102,14.18,15.38,12.5,12498,97.62361978,2.376380221,13186,8.000910056,16.40376157,28.61368118,22.11436372,24.86728348,12498,9.938253455,19.12672743,26.6245222,23.68421053,20.62628639,5.126404494,13.60603933,31.58356742,20.61095506,29.07303371,5696,5.775983146,26.7380618,29.74016854,13.29002809,5.969101124,13.62359551,4.863061798,5696,62.25421348,32.88272472,5320,71.52255639,28.47744361,94.78234491,5.217655089,11.65821148,5.033323386,48.3586989,84.16535055,0.995673968,94.52210766
Westerly,22966,95.162414,1.214839328,0.666202212,1.676391187,0,0.357049552,0.923103719,1.423843943,98.57615606,94.15657929,1.214839328,1.641557084,0,0.666202212,0.148044936,0.748933206,2348,1960,1907,5640,24.55804232,16.90760254,59.64469215,22966,98.38892276,81.52050858,9409,5.962376448,1.562333936,22.46784993,2822,19.87951807,9409,65.37357849,34.62642151,6151,19.56893602,5.405405405,75.02565857,2923,18448,47.66370338,52.33629662,21604,4023,1.391996023,35.71428571,1.019139945,13698,1.613374215,9409,1.84929323,22966,6.348515196,1458,14.74622771,215,73.48837209,21604,40.154601,59.40057637,33.22190202,11047,22142,10.68105862,91.50105708,15949,0.996927707,4.82161891,18.32089786,29.99561101,21250,0.522352941,0.517647059,9531,28.8637079,70.95601599,6.179571065,9409,24.98671485,31.24667871,56.23339356,20.76735041,77.00074397,12.03103412,89.03177808,10.96822192,9409,2.975874163,6151,13.94895139,31.13314908,24.46756625,15.73727849,14.71305479,132906,22633,6.698184068,35.22427441,93.30181593,0.227115594,22633,2.22683692,4.471347148,7.073741881,7.69672602,21.46865197,3140.282686,22633,21.24010554,69.81105271,6151,77.27272727,46.18651266,9409,43.95078606,69.3178958,11292,9402,63.80557328,36.19442672,9402,95.97957881,0.882790896,0.521165709,1.340140396,0,0.319081047,0.95724314,9402,97.41623604,0.583430572,0,1.300216703,0,0,0.700116686,93.44695857,1.410520129,1.439905965,1.410520129,0,0.881575081,1.410520129,74,22.97297297,77.02702703,8982,64.99665999,35.00334001,22596,69.68047442,30.31952558,9402,29.03637524,62.76324186,8.200382897,11.85,12.62,10.15,9402,98.68113167,1.318868326,11292,12.52213957,19.43854056,23.83103082,18.43783209,25.77045696,9402,16.66944491,19.65327555,27.67127855,15.53592265,20.47007835,5.406993829,20.95210109,17.27887158,21.83367617,34.52835733,3375,5.155555556,28.26666667,25.39259259,11.94074074,7.022222222,15.05185185,7.17037037,3375,58.81481481,34.01481481,5029,77.15251541,22.84748459,83.26248672,16.73751328,14.96018559,9.599347921,54.55514452,82.63782022,3.313116683,94.87309645
Woonsocket,43224,83.19220803,3.898297242,0.448824727,3.808069591,0.027762354,4.902369054,3.722468999,9.328151027,90.67184897,79.79131964,3.525818989,3.773366648,0,0.333148251,0.106422358,3.141773089,4890,4026,3701,11705,27.07986304,15.14667777,58.99731631,43224,97.49676106,78.24356839,17771,11.60317371,2.610995442,17.35411626,5610,36.75579323,17771,60.88008553,39.11991447,10819,36.94029851,8.141112619,54.91858887,5896,33808,46.50970185,53.49029815,39950,7902,14.78106808,13.01369863,2.657555049,25501,4.952746951,17771,6.403691407,43224,7.493522117,3239,38.49953689,1247,84.36246993,39950,48.10763454,70.5135543,22.22800354,18729,41183,11.20608018,89.94582882,28109,2.070511224,11.64395745,36.04539471,31.95417838,39157,1.315218224,0.773808004,17804,29.64502359,61.95528609,3.39143615,17771,41.93348714,31.32069101,73.25417816,16.06549997,89.31967813,6.308029936,95.62770806,4.372291936,17771,9.121602611,10819,31.80515759,31.7496996,20.95387744,9.298456419,6.192808947,207086,42259,19.41598239,42.58379037,80.58401761,0.219915428,42259,10.01206844,9.403913959,9.683144419,10.50190492,39.60103173,1157.55102,42259,16.78244973,63.45510072,10819,87.68718802,47.85936114,17771,49.12444113,65.96791099,18757,17750,35.0084507,64.9915493,17750,87.22253521,3.853521127,0.281690141,2.552112676,0.03943662,3.876056338,2.174647887,17750,94.46411329,2.188606373,0.128741551,1.915030576,0,0.321853878,0.981654329,83.32177531,4.750346741,0.36407767,2.895284327,0.060679612,5.790568655,2.817267684,1118,4.114490161,95.88550984,15149,38.66261799,61.33738201,42142,40.8191353,59.1808647,17750,32.76056338,59.08169014,8.157746479,30.85,36.44,28.22,17750,97.09859155,2.901408451,18757,2.457749107,3.993175881,20.5736525,23.28197473,49.69344778,17750,2.558738333,4.071451561,21.93434181,25.37817831,46.05728999,2.409847434,3.840152566,21.00381415,22.64216366,50.10402219,11536,8.30443828,29.36893204,25.26872399,10.88765603,5.833911234,16.56553398,3.770804438,11536,62.94209431,33.28710125,1984,67.13709677,32.86290323,94.63133763,5.368662366,7.083140631,3.055960724,42.09327973,79.29948209,1.153291687,93.63032624
