StateFIPS,StateAbbr,FIPS,2003Qual,2003_A1a,2003_A1b,2003_A2a,2003_A2b,2003_A3a,2003_A3b,2003_A4a,2003_A4b,2003_A5a,2003_A5b,2003_A6a,2003_A6b,2003_A7a,2003_A7b,2003_B1a,2003_B1b,2003_B2a,2003_B2b,2003_B3a,2003_B3b,2003_C1a,2003_C1b,2003_C2a,2003_C2b,2003_C3a,2003_C3b,2003_C4a,2003_C4b,2003_C5a,2003_C5b,2003_C6a,2003_C6b,2003_C7a,2003_C7b,2003_C8a,2003_C8b,2003_D1a,2003_D1b,2003_D2a,2003_D2b,2003_D3a,2003_D3b,2003_D4a,2003_D4b,2003_E1a,2003_E1b,2003_E2a,2003_E2b,2003_F1a,2003_F1b,2003_F2a,2003_F2b,2003_F3a,2003_F3b,2005Qual,2005_A1a,2005_A1b,2005_A2a,2005_A2b,2005_A3a,2005_A3b,2005_A4a,2005_A4b,2005_A5a,2005_A5b,2005_A6a,2005_A6b,2005_A7a,2005_A7b,2005_B1a,2005_B1b,2005_B2a,2005_B2b,2005_B3a,2005_B3b,2005_C1a,2005_C1b,2005_C2a,2005_C2b,2005_C3a,2005_C3b,2005_C4a,2005_C4b,2005_C5a,2005_C5b,2005_C6a,2005_C6b,2005_C7a,2005_C7b,2005_C8a,2005_C8b,2005_D1a,2005_D1b,2005_D2a,2005_D2b,2005_D3a,2005_D3b,2005_D4a,2005_D4b,2005_E1a,2005_E1b,2005_E2a,2005_E2b,2005_F1a,2005_F1b,2005_F2a,2005_F2b,2005_F3a,2005_F3b,2007Qual,2007_A1a,2007_A1b,2007_A2a,2007_A2b,2007_A3a,2007_A3b,2007_A4a,2007_A4b,2007_A5a,2007_A5b,2007_A6a,2007_A6b,2007_A7a,2007_A7b,2007_B1a,2007_B1b,2007_B2a,2007_B2b,2007_B3a,2007_B3b,2007_C1a,2007_C1b,2007_C2a,2007_C2b,2007_C3a,2007_C3b,2007_C4a,2007_C4b,2007_C5a,2007_C5b,2007_C6a,2007_C6b,2007_C7a,2007_C7b,2007_C8a,2007_C8b,2007_D1a,2007_D1b,2007_D2a,2007_D2b,2007_D3a,2007_D3b,2007_D4a,2007_D4b,2007_E1a,2007_E1b,2007_E2a,2007_E2b,2007_F1a,2007_F1b,2007_F2a,2007_F2b,2007_F3a,2007_F3b,2009Qual,2009_A1a,2009_A1b,2009_A2a,2009_A2b,2009_A3a,2009_A3b,2009_A4a,2009_A4b,2009_A5a,2009_A5b,2009_A6a,2009_A6b,2009_A7a,2009_A7b,2009_B1a,2009_B1b,2009_B2a,2009_B2b,2009_B3a,2009_B3b,2009_C1a,2009_C1b,2009_C2a,2009_C2b,2009_C3a,2009_C3b,2009_C4a,2009_C4b,2009_C5a,2009_C5b,2009_C6a,2009_C6b,2009_C7a,2009_C7b,2009_C8a,2009_C8b,2009_D1a,2009_D1b,2009_D2a,2009_D2b,2009_D3a,2009_D3b,2009_D4a,2009_D4b,2009_E1a,2009_E1b,2009_E2a,2009_E2b,2009_F1a,2009_F1b,2009_F2a,2009_F2b,2009_F3a,2009_F3b
<<<<<<< HEAD:indicators/data/PreGenCSV/YRBS.csv
02,AK,2000,Weighted,15.1,11.8-19.3,25,22.2-28.0,18.4,16.2-20.8,27.1,24.1-30.3,4.1,3.0-5.5,16,14.4-19.2,8.1,6.5-10.0,56.1,52.9-59.3,19.2,16.7-22.0,11.2,8.8-14.2,75.1,71.8-78.1,38.7,34.7-42.8,26.5,22.6-30.9,47.5,44.1-50.8,6.6,5.4-8.1,5.9,4.8-7.3,10.2,8.3-12.5,28.4,26.0-31.0,39.6,35.3-44.1,27.6,24.0-31.5,12.1,9.7-15.0,37.7,32.0-43.8,27.5,24.6-30.7,81.8,77.6-85.4,11,8.9-13.6,83.9,81.2-86.2,,,weighted,,,,,,,,,,,,,,,,,,,,,,,,,,,,,,,,,,,,,,,,,,,,,,,,,,,,,,,weighted,7,5.4-9.1,23.5,20.6-26.8,24.4,21.3-27.7,29.2,25.8-32.9,5.5,4.2-7.1,16.5,14.4-19.0,10.7,8.6-13.2,52.7,48.3-57.1,17.8,15.0-20.8,10.4,7.4-14.6,73.6,69.2-77.6,39.7,35.6-44.0,25.8,22.3-29.6,44.7,40.4-49.0,7.8,6.0-10.0,4.6,3.5-6.0,14.4,12.2-16.9,25.1,22.4-27.9,45.1,40.9-49.3,30.9,27.3-34.7,13.4,11.0-16.3,39.2,32.8-46.0,23,20.1-26.3,82.3,79.5-84.7,11.1,9.1-13.5,84.3,82.3-86.1,21.8,19.1-24.7,weighted,12.1,9.1-16.0,21.3,18.9-23.9,20,17.5-22.7,27.8,24.9-31.0,6,4.9-7.5,13.9,11.4-16.8,8.5,6.3-11.4,47.5,44.1-50.9,15.7,13.1-18.8,13.6,10.7-17.1,66.6,63.4-69.7,33.2,30.0-36.6,21.7,18.8-24.8,44.5,40.6-48.5,7.4,5.9-9.2,3.6,2.8-4.5,9.8,8.3-11.6,24.8,22.4-27.4,43.5,39.4-47.6,30.4,26.5-34.6,11.4,9.3-13.9,37.8,42.5-33.3,24.8,22.8-26.9,82.3,78.4-85.6,11.8,9.9-13.9,82.8,80.5-84.9,20.1,17.7-22.8
01,AL,1000,Weighted,11.7,9.6-14.0,29.2,26.0-32.6,19.9,17.0-23.1,30,26.4-33.9,4.6,2.9-7.1,14.4,12.1-16.9,7.3,5.4-9.7,65.6,61.3-69.7,24.7,21.3-28.5,10.5,8.0-13.6,70.7,66.6-74.5,40.2,36.1-44.6,24.2,20.5-28.2,36.1,32.2-40.1,7.1,5.4-9.3,8.6,6.4-11.3,13.5,10.7-16.8,26,22.4-29.8,56.9,51.6-62.1,41.9,37.6-46.2,20.9,16.7-25.8,38.2,32.8-44.0,41.7,35.2-48.4,66.7,60.7-72.1,13.5,10.7-16.8,85.5,81.9-88.5,,,weighted,14.2,10.6-18.9,28.8,25.9-31.9,21,17.6-24.9,31.7,27.9-35.7,8.1,5.9-10.9,17.1,14.1-20.6,9.7,7.3-12.9,60.7,57.6-63.8,24.4,20.5-28.7,14.1,11.1-17.9,70.4,65.2-75.1,39.4,34.2-44.9,23.8,20.5-27.5,33.3,28.6-38.3,7.5,5.5-10.2,7.3,5.0-10.5,15.5,12.3-19.3,26.2,22.3-30.4,50.6,44.5-56.6,38,32.3-43.9,15.1,11.2-20.2,38.4,35.0-41.8,38.4,35.0-41.8,54.9,48.0-61.6,14.8,13.0-16.8,85.3,82.4-87.7,,,unweighted,,,,,,,,,,,,,,,,,,,,,,,,,,,,,,,,,,,,,,,,,,,,,,,,,,,,,,,weighted,12.9,10.8-15.3,32,28.9-35.2,22.9,18.6-28.0,31.7,26.8-37.0,9.6,6.6-13.7,17.4,14.8-20.2,10.7,8.1-14.0,52.8,49.0-56.6,20.8,18.0-24.0,12.4,10.2-15.0,66.8,63.5-69.9,39.5,34.9-44.2,23.1,19.8-26.8,31.3,27.7-35.1,6.1,4.4-8.3,5.3,3.8-7.4,11.9,9.7-14.5,27.6,25.0-30.4,56.6,51.5-61.6,41.5,37.2-46.0,19.9,15.4-25.4,41.5,46.6-36.5,37.8,33.4-42.4,68.2,62.6-73.3,13.5,11.3-16.1,83.7,80.3-86.5,38.8,36.2-41.5
05,AR,5000,Unweighted,,,,,,,,,,,,,,,,,,,,,,,,,,,,,,,,,,,,,,,,,,,,,,,,,,,,,,,unweighted,17.8,14.6-21.4,27.8,24.8-31.1,25.9,23.6-28.3,32.1,28.8-35.6,6.3,5.0-8.0,19.2,17.1-21.5,12.1,10.1-14.3,63.2,58.6-67.6,25.9,22.7-29.4,13.7,11.3-16.6,76,71.7-79.8,43.1,39.1-47.2,29.7,26.6-33.0,39.1,35.0-43.5,10.4,8.3-13.0,9,7.2-11.1,16.1,13.9-18.5,29.2,26.5-32.0,54,48.5-59.3,40.6,35.6-45.8,18.3,14.7-22.5,39.1,36.2-42.2,39.1,36.2-42.2,72.8,68.4-76.7,15.4,13.6-17.5,84.8,82.8-86.7,,,weighted,17,13.6-21.0,28.5,24.4-33.0,20.7,18.0-23.6,32.8,29.2-36.5,7.4,4.3-12.4,17.4,15.4-19.6,9.8,7.4-12.8,59.7,56.3-63.1,20.7,17.9-23.8,11.2,8.9-13.9,73.9,70.8-76.9,42.2,38.6-45.8,25.2,22.1-28.6,34.6,31.0-38.4,7.6,6.0-9.5,6.8,5.5-8.4,15.3,13.4-17.3,28.1,25.5-30.8,54.9,49.8-59.9,39.7,35.1-44.5,19,16.0-22.5,41,36.1-46.2,34.3,30.0-38.9,68.7,63.0-63.9,13.9,11.6-16.5,86.7,84.6-88.6,39.4,36.6-42.2,weighted,18.7,14.4-24.0,28.3,24.5-32.4,22.9,19.4-26.9,34.7,30.5-39.1,10.4,7.6-14.0,18,14.7-21.8,12,9.5-15.0,54.9,50.8-59.0,20.3,16.7-24.5,12.4,9.9-15.6,70.4,66.5-74.1,39.7,35.9-43.7,24.6,20.8-28.9,37.4,32.8-42.3,7.5,5.6-10.0,6,4.6-7.9,16.8,14.4-19.4,31.4,28.2-34.7,53.6,49.4-57.7,38.9,34.6-43.3,18,14.8-21.7,41.3,48.5-34.5,36.4,31.9-41.0,77.3,72.5-81.5,14.4,12.1-17.2,85.1,82.3-87.5,33.5,29.2-38.1
04,AZ,4000,Weighted,13.9,11.1-17.3,36.2,33.3-39.2,18.4,16.8-20.1,32.4,28.9-36.1,5.5,4.3-7.1,18.5,16.9-20.3,8.7,7.3-10.4,60.9,56.4-65.2,23.3,20.7-26.2,4.7,3.6-6.3,79.1,75.6-82.3,51.8,47.9-55.6,34.8,31.6-38.2,47.7,44.2-51.3,15.1,13.3-17.2,10.6,9.0-12.4,13.8,12.3-15.5,28.6,26.2-31.1,46.1,42.8-49.4,33.2,30.4-36.0,13,11.4-14.8,43.3,38.9-47.9,36.9,33.5-40.5,77.8,70.8-83.6,11.2,9.5-13.2,79.1,76.2-81.7,,,weighted,13.9,11.9-16.3,34.3,32.2-36.6,20.6,19.0-22.4,32.4,29.5-35.3,7.3,5.7-9.3,20.7,18.9-22.5,11.6,10.0-13.5,58.2,54.8-61.4,21.4,19.6-23.3,,,,,47.1,43.7-50.6,30.8,27.4-34.3,42,39.1-44.9,15.1,13.1-17.4,8.8,7.4-10.6,,,,,42.8,39.5-46.2,30.2,27.3-33.2,13.5,11.2-16.1,32.8,29.4-36.4,32.8,29.4-36.4,73.8,68.2-78.7,11.9,10.0-14.0,83.7,82.0-85.3,,,weighted,17.4,14.7-20.5,21.2,28.6-33.8,20.5,18.7-22.4,31.3,28.2-34.5,8.1,6.1-10.6,16.1,14.1-18.3,7.8,6.4-9.3,54.8,50.7-58.9,22.2,19.0-25.7,,,,,45.6,42.1-49.1,30.4,27.4-33.5,42.3,38.4-46.2,14.4,12.6-16.5,8.6,7.6-9.7,14.6,12.9-16.3,37.1,34.2-40.1,46.1,41.8-50.4,33.6,30.4-37.0,15.4,13.3-17.7,44.5,41.1-47.9,28.2,25.0-31.7,73.1,67.4-78.2,11.7,9.5-14.5,82.9,80.9-84.7,29.5,26.9-32.2,weighted,13.4,10.7-16.7,,,19.9,17.4-22.5,35.9,32.3-39.7,7.4,6.1-8.8,17.3,15.3-19.4,9.5,7.7-11.6,53.6,49.3-57.8,19.7,16.9-22.9,6.9,5.3-8.9,,,44.5,41.1-47.9,27.4,24.8-30.1,42.8,38.6-47.2,11.5,9.6-13.7,5.7,4.5-7.1,13.9,11.8-16.2,34.6,31.7-37.5,48.6,44.4-52.7,34.5,31.5-37.7,14.1,12.3-16.2,40.3,45.1-35.6,33.3,30.1-36.7,67.4,61.7-72.7,13.1,11.3-15.1,,,28.1,26.1-30.2
06,CA,6000,DNP,,,,,,,,,,,,,,,,,,,,,,,,,,,,,,,,,,,,,,,,,,,,,,,,,,,,,,,DNP,,,,,,,,,,,,,,,,,,,,,,,,,,,,,,,,,,,,,,,,,,,,,,,,,,,,,,,DNP,,,,,,,,,,,,,,,,,,,,,,,,,,,,,,,,,,,,,,,,,,,,,,,,,,,,,,,unweighted,,,,,,,,,,,,,,,,,,,,,,,,,,,,,,,,,,,,,,,,,,,,,,,,,,,,,,
08,CO,8000,Unweighted,,,,,,,,,,,,,,,,,,,,,,,,,,,,,,,,,,,,,,,,,,,,,,,,,,,,,,,unweighted,7.6,5.5-10.5,26.9,22.3-32.1,17,13.9-20.6,32.2,29.0-35.5,4.3,2.9-6.3,13.6,11.5-16.1,6.7,5.0-9.0,48.8,42.3-55.3,18.7,13.4-25.4,9.1,5.1-15.8,75.9,67.9-82.5,47.4,38.2-56.8,30.6,24.1-37.9,42.4,33.4-52.0,8.1,6.3-10.2,4,2.9-5.4,9.8,7.6-12.4,21.2,17.6-25.3,39.3,32.5-46.6,29.5,23.1-36.8,11.3,8.7-14.6,30.7,23.8-38.7,26.8,22.5-31.7,83.4,74.6-89.6,9.8,7.1-13.3,80.8,77.5-83.6,,,unweighted,,,,,,,,,,,,,,,,,,,,,,,,,,,,,,,,,,,,,,,,,,,,,,,,,,,,,,,weighted,7.6,5.4-10.6,24.6,21.9-27.5,16.7,14.2-19.5,32,28.9-35.3,5.1,3.8-7.0,13.7,12.3-15.3,7.6,6.0-9.6,43.1,36.9-49.5,17.7,13.2-23.2,10.7,8.2-13.9,72.4,67.3-76.9,40.8,35.8-46.0,25.1,20.8-30.0,42.6,36.4-49.0,8.3,6.4-10.7,3.5,2.7-4.6,9.2,6.9-12.3,22.7,19.7-26.1,40,32.7-47.7,27.4,22.2-33.3,13.8,10.8-17.4,36.8,43.3-30.8,25.1,21.8-28.7,79.3,69.7-86.4,7.1,5.2-9.5,75.6,73.4-77.6,24.6,20.6-29.2
09,CT,9000,Unweighted,,,,,,,,,,,,,,,,,,,,,,,,,,,,,,,,,,,,,,,,,,,,,,,,,,,,,,,unweighted,11.4,9.2-14.0,29.7,27.3-32.3,16.3,13.8-19.2,32.7,29.8-35.7,7.4,5.7-9.4,15.1,13.1-17.4,12.1,10.1-14.3,,,18.1,15.6-20.8,,,74.4,71.4-77.1,45.3,40.9-49.8,27.8,24.1-31.7,39.8,36.4-43.3,8.8,6.5-9.5,5.9,4.7-7.4,11.1,9.3-13.2,31.5,29.6-33.3,46,41.1-51.0,,,14.2,11.6-17.2,,,33.5,30.0-37.2,87.1,81.7-91.5,11.2,8.9-14.0,78.2,76.3-80.0,,,weighted,9.1,7.2-11.5,27.3,25.2-29.5,17.2,14.0-21.1,31.4,28.6-34.4,5.5,3.2-9.3,13.1,11.4-14.9,9.8,8.3-11.6,,,21.1,18.6-23.9,,,,,46,41.6-50.4,26.2,22.3-30.4,38.6,35.1-42.3,8.3,6.7-10.3,5.6,4.3-7.3,11.2,9.5-13.2,30.5,27.4-33.7,42.4,37.7-47.4,31.8,27.8-36.1,12.4,10.0-15.4,37.3,31.2-43.9,30.1,26.8-33.6,,,12.3,10.9-14.0,78.5,75.9-80.8,,,weighted,9.4,8.2-10.7,26.7,23.8-29.7,12.4,10.7-14.4,28.3,25.8-31.0,4.9,4.0-6.0,14.1,12.3-16.1,7.4,5.8-9.5,,,17.8,15.3-20.5,,,,,43.5,39.0-48.1,24.2,20.5-28.3,37.6,34.3-41.1,5.4,4.2-6.9,3.3,2.5-4.4,10.6,9.3-12.1,28.9,26.4-31.6,40.5,36.4-44.8,29.6,26.3-33.1,10.5,8.5-12.8,40.6,45.6-35.9,30.2,26.5-34.2,,,10.4,8.4-12.7,79,76.5-81.4,,
=======
2,AK,2000,Weighted,15.1,11.8-19.3,25,22.2-28.0,18.4,16.2-20.8,27.1,24.1-30.3,4.1,3.0-5.5,16,14.4-19.2,8.1,6.5-10.0,56.1,52.9-59.3,19.2,16.7-22.0,11.2,8.8-14.2,75.1,71.8-78.1,38.7,34.7-42.8,26.5,22.6-30.9,47.5,44.1-50.8,6.6,5.4-8.1,5.9,4.8-7.3,10.2,8.3-12.5,28.4,26.0-31.0,39.6,35.3-44.1,27.6,24.0-31.5,12.1,9.7-15.0,37.7,32.0-43.8,27.5,24.6-30.7,81.8,77.6-85.4,11,8.9-13.6,83.9,81.2-86.2,,,weighted,,,,,,,,,,,,,,,,,,,,,,,,,,,,,,,,,,,,,,,,,,,,,,,,,,,,,,,weighted,7,5.4-9.1,23.5,20.6-26.8,24.4,21.3-27.7,29.2,25.8-32.9,5.5,4.2-7.1,16.5,14.4-19.0,10.7,8.6-13.2,52.7,48.3-57.1,17.8,15.0-20.8,10.4,7.4-14.6,73.6,69.2-77.6,39.7,35.6-44.0,25.8,22.3-29.6,44.7,40.4-49.0,7.8,6.0-10.0,4.6,3.5-6.0,14.4,12.2-16.9,25.1,22.4-27.9,45.1,40.9-49.3,30.9,27.3-34.7,13.4,11.0-16.3,39.2,32.8-46.0,23,20.1-26.3,82.3,79.5-84.7,11.1,9.1-13.5,84.3,82.3-86.1,21.8,19.1-24.7,weighted,12.1,9.1-16.0,21.3,18.9-23.9,20,17.5-22.7,27.8,24.9-31.0,6,4.9-7.5,13.9,11.4-16.8,8.5,6.3-11.4,47.5,44.1-50.9,15.7,13.1-18.8,13.6,10.7-17.1,66.6,63.4-69.7,33.2,30.0-36.6,21.7,18.8-24.8,44.5,40.6-48.5,7.4,5.9-9.2,3.6,2.8-4.5,9.8,8.3-11.6,24.8,22.4-27.4,43.5,39.4-47.6,30.4,26.5-34.6,11.4,9.3-13.9,37.8,42.5-33.3,24.8,22.8-26.9,82.3,78.4-85.6,11.8,9.9-13.9,82.8,80.5-84.9,20.1,17.7-22.8
1,AL,1000,Weighted,11.7,9.6-14.0,29.2,26.0-32.6,19.9,17.0-23.1,30,26.4-33.9,4.6,2.9-7.1,14.4,12.1-16.9,7.3,5.4-9.7,65.6,61.3-69.7,24.7,21.3-28.5,10.5,8.0-13.6,70.7,66.6-74.5,40.2,36.1-44.6,24.2,20.5-28.2,36.1,32.2-40.1,7.1,5.4-9.3,8.6,6.4-11.3,13.5,10.7-16.8,26,22.4-29.8,56.9,51.6-62.1,41.9,37.6-46.2,20.9,16.7-25.8,38.2,32.8-44.0,41.7,35.2-48.4,66.7,60.7-72.1,13.5,10.7-16.8,85.5,81.9-88.5,,,weighted,14.2,10.6-18.9,28.8,25.9-31.9,21,17.6-24.9,31.7,27.9-35.7,8.1,5.9-10.9,17.1,14.1-20.6,9.7,7.3-12.9,60.7,57.6-63.8,24.4,20.5-28.7,14.1,11.1-17.9,70.4,65.2-75.1,39.4,34.2-44.9,23.8,20.5-27.5,33.3,28.6-38.3,7.5,5.5-10.2,7.3,5.0-10.5,15.5,12.3-19.3,26.2,22.3-30.4,50.6,44.5-56.6,38,32.3-43.9,15.1,11.2-20.2,38.4,35.0-41.8,38.4,35.0-41.8,54.9,48.0-61.6,14.8,13.0-16.8,85.3,82.4-87.7,,,unweighted,,,,,,,,,,,,,,,,,,,,,,,,,,,,,,,,,,,,,,,,,,,,,,,,,,,,,,,weighted,12.9,10.8-15.3,32,28.9-35.2,22.9,18.6-28.0,31.7,26.8-37.0,9.6,6.6-13.7,17.4,14.8-20.2,10.7,8.1-14.0,52.8,49.0-56.6,20.8,18.0-24.0,12.4,10.2-15.0,66.8,63.5-69.9,39.5,34.9-44.2,23.1,19.8-26.8,31.3,27.7-35.1,6.1,4.4-8.3,5.3,3.8-7.4,11.9,9.7-14.5,27.6,25.0-30.4,56.6,51.5-61.6,41.5,37.2-46.0,19.9,15.4-25.4,41.5,46.6-36.5,37.8,33.4-42.4,68.2,62.6-73.3,13.5,11.3-16.1,83.7,80.3-86.5,38.8,36.2-41.5
5,AR,5000,Unweighted,,,,,,,,,,,,,,,,,,,,,,,,,,,,,,,,,,,,,,,,,,,,,,,,,,,,,,,unweighted,17.8,14.6-21.4,27.8,24.8-31.1,25.9,23.6-28.3,32.1,28.8-35.6,6.3,5.0-8.0,19.2,17.1-21.5,12.1,10.1-14.3,63.2,58.6-67.6,25.9,22.7-29.4,13.7,11.3-16.6,76,71.7-79.8,43.1,39.1-47.2,29.7,26.6-33.0,39.1,35.0-43.5,10.4,8.3-13.0,9,7.2-11.1,16.1,13.9-18.5,29.2,26.5-32.0,54,48.5-59.3,40.6,35.6-45.8,18.3,14.7-22.5,39.1,36.2-42.2,39.1,36.2-42.2,72.8,68.4-76.7,15.4,13.6-17.5,84.8,82.8-86.7,,,weighted,17,13.6-21.0,28.5,24.4-33.0,20.7,18.0-23.6,32.8,29.2-36.5,7.4,4.3-12.4,17.4,15.4-19.6,9.8,7.4-12.8,59.7,56.3-63.1,20.7,17.9-23.8,11.2,8.9-13.9,73.9,70.8-76.9,42.2,38.6-45.8,25.2,22.1-28.6,34.6,31.0-38.4,7.6,6.0-9.5,6.8,5.5-8.4,15.3,13.4-17.3,28.1,25.5-30.8,54.9,49.8-59.9,39.7,35.1-44.5,19,16.0-22.5,41,36.1-46.2,34.3,30.0-38.9,68.7,63.0-63.9,13.9,11.6-16.5,86.7,84.6-88.6,39.4,36.6-42.2,weighted,18.7,14.4-24.0,28.3,24.5-32.4,22.9,19.4-26.9,34.7,30.5-39.1,10.4,7.6-14.0,18,14.7-21.8,12,9.5-15.0,54.9,50.8-59.0,20.3,16.7-24.5,12.4,9.9-15.6,70.4,66.5-74.1,39.7,35.9-43.7,24.6,20.8-28.9,37.4,32.8-42.3,7.5,5.6-10.0,6,4.6-7.9,16.8,14.4-19.4,31.4,28.2-34.7,53.6,49.4-57.7,38.9,34.6-43.3,18,14.8-21.7,41.3,48.5-34.5,36.4,31.9-41.0,77.3,72.5-81.5,14.4,12.1-17.2,85.1,82.3-87.5,33.5,29.2-38.1
4,AZ,4000,Weighted,13.9,11.1-17.3,36.2,33.3-39.2,18.4,16.8-20.1,32.4,28.9-36.1,5.5,4.3-7.1,18.5,16.9-20.3,8.7,7.3-10.4,60.9,56.4-65.2,23.3,20.7-26.2,4.7,3.6-6.3,79.1,75.6-82.3,51.8,47.9-55.6,34.8,31.6-38.2,47.7,44.2-51.3,15.1,13.3-17.2,10.6,9.0-12.4,13.8,12.3-15.5,28.6,26.2-31.1,46.1,42.8-49.4,33.2,30.4-36.0,13,11.4-14.8,43.3,38.9-47.9,36.9,33.5-40.5,77.8,70.8-83.6,11.2,9.5-13.2,79.1,76.2-81.7,,,weighted,13.9,11.9-16.3,34.3,32.2-36.6,20.6,19.0-22.4,32.4,29.5-35.3,7.3,5.7-9.3,20.7,18.9-22.5,11.6,10.0-13.5,58.2,54.8-61.4,21.4,19.6-23.3,,,,,47.1,43.7-50.6,30.8,27.4-34.3,42,39.1-44.9,15.1,13.1-17.4,8.8,7.4-10.6,,,,,42.8,39.5-46.2,30.2,27.3-33.2,13.5,11.2-16.1,32.8,29.4-36.4,32.8,29.4-36.4,73.8,68.2-78.7,11.9,10.0-14.0,83.7,82.0-85.3,,,weighted,17.4,14.7-20.5,21.2,28.6-33.8,20.5,18.7-22.4,31.3,28.2-34.5,8.1,6.1-10.6,16.1,14.1-18.3,7.8,6.4-9.3,54.8,50.7-58.9,22.2,19.0-25.7,,,,,45.6,42.1-49.1,30.4,27.4-33.5,42.3,38.4-46.2,14.4,12.6-16.5,8.6,7.6-9.7,14.6,12.9-16.3,37.1,34.2-40.1,46.1,41.8-50.4,33.6,30.4-37.0,15.4,13.3-17.7,44.5,41.1-47.9,28.2,25.0-31.7,73.1,67.4-78.2,11.7,9.5-14.5,82.9,80.9-84.7,29.5,26.9-32.2,weighted,13.4,10.7-16.7,,,19.9,17.4-22.5,35.9,32.3-39.7,7.4,6.1-8.8,17.3,15.3-19.4,9.5,7.7-11.6,53.6,49.3-57.8,19.7,16.9-22.9,6.9,5.3-8.9,,,44.5,41.1-47.9,27.4,24.8-30.1,42.8,38.6-47.2,11.5,9.6-13.7,5.7,4.5-7.1,13.9,11.8-16.2,34.6,31.7-37.5,48.6,44.4-52.7,34.5,31.5-37.7,14.1,12.3-16.2,40.3,45.1-35.6,33.3,30.1-36.7,67.4,61.7-72.7,13.1,11.3-15.1,,,28.1,26.1-30.2
6,CA,6000,DNP,,,,,,,,,,,,,,,,,,,,,,,,,,,,,,,,,,,,,,,,,,,,,,,,,,,,,,,DNP,,,,,,,,,,,,,,,,,,,,,,,,,,,,,,,,,,,,,,,,,,,,,,,,,,,,,,,DNP,,,,,,,,,,,,,,,,,,,,,,,,,,,,,,,,,,,,,,,,,,,,,,,,,,,,,,,unweighted,,,,,,,,,,,,,,,,,,,,,,,,,,,,,,,,,,,,,,,,,,,,,,,,,,,,,,
8,CO,8000,Unweighted,,,,,,,,,,,,,,,,,,,,,,,,,,,,,,,,,,,,,,,,,,,,,,,,,,,,,,,unweighted,7.6,5.5-10.5,26.9,22.3-32.1,17,13.9-20.6,32.2,29.0-35.5,4.3,2.9-6.3,13.6,11.5-16.1,6.7,5.0-9.0,48.8,42.3-55.3,18.7,13.4-25.4,9.1,5.1-15.8,75.9,67.9-82.5,47.4,38.2-56.8,30.6,24.1-37.9,42.4,33.4-52.0,8.1,6.3-10.2,4,2.9-5.4,9.8,7.6-12.4,21.2,17.6-25.3,39.3,32.5-46.6,29.5,23.1-36.8,11.3,8.7-14.6,30.7,23.8-38.7,26.8,22.5-31.7,83.4,74.6-89.6,9.8,7.1-13.3,80.8,77.5-83.6,,,unweighted,,,,,,,,,,,,,,,,,,,,,,,,,,,,,,,,,,,,,,,,,,,,,,,,,,,,,,,weighted,7.6,5.4-10.6,24.6,21.9-27.5,16.7,14.2-19.5,32,28.9-35.3,5.1,3.8-7.0,13.7,12.3-15.3,7.6,6.0-9.6,43.1,36.9-49.5,17.7,13.2-23.2,10.7,8.2-13.9,72.4,67.3-76.9,40.8,35.8-46.0,25.1,20.8-30.0,42.6,36.4-49.0,8.3,6.4-10.7,3.5,2.7-4.6,9.2,6.9-12.3,22.7,19.7-26.1,40,32.7-47.7,27.4,22.2-33.3,13.8,10.8-17.4,36.8,43.3-30.8,25.1,21.8-28.7,79.3,69.7-86.4,7.1,5.2-9.5,75.6,73.4-77.6,24.6,20.6-29.2
9,CT,9000,Unweighted,,,,,,,,,,,,,,,,,,,,,,,,,,,,,,,,,,,,,,,,,,,,,,,,,,,,,,,unweighted,11.4,9.2-14.0,29.7,27.3-32.3,16.3,13.8-19.2,32.7,29.8-35.7,7.4,5.7-9.4,15.1,13.1-17.4,12.1,10.1-14.3,,,18.1,15.6-20.8,,,74.4,71.4-77.1,45.3,40.9-49.8,27.8,24.1-31.7,39.8,36.4-43.3,8.8,6.5-9.5,5.9,4.7-7.4,11.1,9.3-13.2,31.5,29.6-33.3,46,41.1-51.0,,,14.2,11.6-17.2,,,33.5,30.0-37.2,87.1,81.7-91.5,11.2,8.9-14.0,78.2,76.3-80.0,,,weighted,9.1,7.2-11.5,27.3,25.2-29.5,17.2,14.0-21.1,31.4,28.6-34.4,5.5,3.2-9.3,13.1,11.4-14.9,9.8,8.3-11.6,,,21.1,18.6-23.9,,,,,46,41.6-50.4,26.2,22.3-30.4,38.6,35.1-42.3,8.3,6.7-10.3,5.6,4.3-7.3,11.2,9.5-13.2,30.5,27.4-33.7,42.4,37.7-47.4,31.8,27.8-36.1,12.4,10.0-15.4,37.3,31.2-43.9,30.1,26.8-33.6,,,12.3,10.9-14.0,78.5,75.9-80.8,,,weighted,9.4,8.2-10.7,26.7,23.8-29.7,12.4,10.7-14.4,28.3,25.8-31.0,4.9,4.0-6.0,14.1,12.3-16.1,7.4,5.8-9.5,,,17.8,15.3-20.5,,,,,43.5,39.0-48.1,24.2,20.5-28.3,37.6,34.3-41.1,5.4,4.2-6.9,3.3,2.5-4.4,10.6,9.3-12.1,28.9,26.4-31.6,40.5,36.4-44.8,29.6,26.3-33.1,10.5,8.5-12.8,40.6,45.6-35.9,30.2,26.5-34.2,,,10.4,8.4-12.7,79,76.5-81.4,,
>>>>>>> 1e7fa4236fbb99b7896baa5369a480bd4178f987:indicators/data/PreGenCSV/YRBS.csv
11,DC,11000,Weighted,12.3,10.1-14.9,29.1,26.4-31.9,25,22.3-27.9,38,34.9-41.3,14,11.8-16.4,14.2,12.5-16.1,12.1,9.8-14.9,55.5,52.3-58.6,13.2,11.3-15.4,5,3.5-7.1,66.1,62.0-70.0,33.8,30.5-37.3,10.3,8.5-12.4,41.7,38.1-45.4,6.2,4.9-7.9,5.7,4.4-7.4,9.2,7.8-10.8,30.2,27.4-33.2,63.9,60.0-67.6,45.3,41.4-49.3,25.1,21.8-28.6,22.5,17.8-27.9,56.7,53.3-60.1,81.2,76.5-85.1,13.4,11.5-15.5,78.7,75.6-81.4,,,weighted,8.6,7.2-10.2,24.1,22.2-26.2,17.2,15.1-19.5,36.3,33.8-38.8,8.9,7.5-10.4,10.8,9.0-12.9,12.3,10.1-14.8,35.8,32.6-39.1,9.2,7.7-11.0,1.8,1.2-2.7,44.9,41.3-48.5,23.1,20.5-26.0,9.2,7.7-11.0,27.2,24.5-30.2,2.1,1.6-2.8,2,1.5-2.9,5.5,4.4-6.8,20.3,18.0-22.7,48.1,45.2-50.9,33.5,30.5-36.5,16.1,13.9-18.6,61.9,58.8-64.9,,,83.7,80.1-86.8,10.6,9.2-12.3,80.4,77.8-82.7,,,weighted,11.4,9.7-13.4,18.5,25.8-31.4,21.3,18.6-24.3,43,40.1-45.8,14.4,12.5-16.5,14.9,12.9-17.1,12.2,10.0-14.7,50,46.7-53.3,10.6,9.0-12.4,5.6,3.9-7.9,66.4,63.4-69.3,32.6,29.8-35.6,12.1,10.1-14.4,40.4,37.1-43.8,6.2,4.6-8.4,6.1,4.5-8.2,10.1,8.2-12.4,25.7,23.4-28.1,57.6,54.0-61.1,40.5,36.7-44.4,21.5,18.7-24.5,38.5,36.4-40.6,52.5,49.5-55.4,83.7,80.2-86.8,17.7,15.8-19.8,80.7,78.0-83.2,30.3,27.7-33.1,unweighted,,,,,,,,,,,,,,,,,,,,,,,,,,,,,,,,,,,,,,,,,,,,,,,,,,,,,,
10,DE,10000,Weighted,15.1,13.3-17.1,29.1,27.1-31.2,16,14.4-17.8,34.9,32.6-37.2,4.8,3.9-5.8,15.6,14.1-17.2,8.6,7.4-9.9,62.4,59.8-64.8,23.5,21.2-26.0,3.4,2.7-4.3,78.5,76.4-80.5,45.4,42.8-48.0,26.6,24.4-28.8,48.9,46.2-51.6,7.4,6.2-8.7,6.2,5.2-7.5,11.4,10.1-13.0,27.9,26.1-29.7,57.3,53.9-60.7,42.7,39.6-45.9,20.6,18.4-23.0,37.5,34.2-41.0,45.4,43.0-47.9,71.3,66.9-75.3,13.5,12.0-15.1,80.5,78.9-82.0,,,weighted,7.5,6.4-8.7,26.7,24.7-28.7,16.6,14.6-18.7,30.3,27.7-33.1,4.6,3.7-5.6,12.7,11.4-14.2,7.1,5.9-8.5,55,52.2-57.7,21.2,19.1-23.4,5.1,4.2-6.3,75.8,73.3-77.8,43.1,40.8-45.4,24.4,22.3-26.7,42.2,39.3-45.2,6.4,5.0-8.0,5.5,4.5-6.9,14,12.6-15.6,26.1,24.1-28.3,55.1,52.0-58.2,39.2,36.2-42.3,19.1,16.7-21.6,44.6,42.1-47.1,44.6,42.1-47.1,69.9,65.5-73.9,14.1,12.8-15.6,80.8,77.5-83.6,,,weighted,7.5,6.3-8.8,28.4,26.3-30.6,17.1,15.2-19.2,33,30.5-35.6,5.3,4.3-6.4,11.1,9.8-12.6,6.2,5.1-7.3,51.7,49.1-54.3,20.2,18.4-22.1,5.2,4.2-6.3,75.8,73.8-77.7,45.2,42.4-48.0,25.4,23.2-27.8,43.9,41.0-46.7,6.1,5.2-7.2,4.3,3.3-5.5,12.9,11.5-14.4,22.9,21.0-24.9,59.3,56.1-62.4,45.3,42.3-48.4,21.8,19.7-24.1,30.8,27.6-34.3,39,36.5-41.6,71.7,67.5-75.5,13.3,11.9-15.0,,,32.4,30.1-34.8,weighted,6.3,5.1-7.7,28.6,26.5-30.9,18.5,16.7-20.4,30.4,28.1-32.9,6.3,5.2-7.6,13.5,12.0-15.3,8.2,6.8-9.7,47.7,44.7-50.7,19,16.6-21.7,6.8,5.6-8.1,71,68.8-73.1,43.7,40.4-47.0,23.7,20.9-26.7,42.8,39.6-46.0,5.8,4.6-7.2,4,3.2-5.0,11.1,9.7-12.8,20.9,19.2-22.7,57.5,53.8-61.2,42.9,39.2-46.7,21,18.1-24.1,38,41.9-34.2,37.7,35.3-40.1,74.6,70.1-78.7,13.7,12.2-15.2,,,28.8,26.8-30.9
12,FL,12000,Weighted,13.7,12.2-15.5,30.4,29.0-31.9,17.2,15.7-18.8,32.1,30.6-33.6,7.3,6.2-8.5,15.8,14.7-17.0,9,8.1-10.0,53.8,51.7-55.8,18.1,16.4-20.0,4.8,3.8-6.0,73.5,71.5-75.4,42.7,40.4-44.9,23.2,21.3-25.1,40.6,38.5-42.7,8.1,7.1-9.2,6.4,5.6-7.3,11.7,10.6-12.9,25.7,24.1-27.3,51.3,48.3-54.3,36.2,33.8-38.6,15.6,14.3-17.0,34.5,31.4-37.7,42.7,40.6-44.8,72.7,69.9-75.3,12.4,11.0-14.1,79.3,77.6-81.9,,,weighted,12.5,11.0-14.2,27.2,25.4-29.1,15.2,13.9-16.6,30,28.1-31.9,7.8,6.3-9.8,14.5,13.5-15.7,8.5,7.3-9.9,47.6,44.8-50.4,17.2,15.6-19.0,5.9,4.8-7.2,71.3,67.7-74.6,39.7,36.9-42.6,21.3,19.5-23.3,35.2,32.6-37.9,7.5,6.8-8.2,4.9,4.3-5.5,11.2,10.0-12.6,23.2,21.5-24.9,50.5,47.8-53.1,36.2,34.0-38.4,16.3,14.4-18.3,40.9,386-43.3,40.9,38.6-43.3,74.7,71.4-77.7,10.9,9.9-12.0,21.9,20.1-23.8,,,weighted,12.7,11.3-14.2,28.2,26.4-30.1,18,16.2-19.9,32.3,29.9-34.9,6.7,5.8-7.8,11.2,10.3-12.1,5.7,4.8-6.8,,,15.9,14.6-17.4,6.1,4.9-7.5,,,42.3,39.7-44.9,22.8,20.7-25.0,35,33.0-37.1,7.5,6.4-8.6,4.2,3.5-5.1,10.8,9.5-12.3,19,17.4-20.7,49.5,47.1-51.8,36.4,34.5-38.4,16.4,14.7-18.1,33.6,30.9-36.4,40.2,36.7-43.8,77,73.1-80.5,11.2,9.9-12.6,77.9,76.3-79.5,31,29.1-33.1,weighted,11.6,10.3-13.0,27.6,26.1-29.2,17.3,16.1-18.5,29.8,28.1-31.5,6.9,6.1-7.9,11.6,10.7-12.7,6.5,5.8-7.4,,,16.1,14.8-17.5,7.1,6.1-8.2,,,40.5,38.5-42.6,21.1,19.6-22.8,36.4,34.7-38.1,6.9,6.2-7.7,,,,,21.8,20.4-23.3,50.6,48.1-53.1,37,34.8-39.3,16.6,15.4-17.8,34.9,37.0-32.9,38.2,36.3-40.1,73.3,70.3-76.0,10.3,9.3-11.4,78.4,77.1-79.7,28.6,26.9-30.4
13,GA,13000,Weighted,9.4,7.8-11.3,24,21.1-27.1,18.7,16.4-21.3,31.4,28.9-33.9,4.6,3.6-6.0,16.4,14.8-18.3,8.5,7.5-9.6,60.1,56.0-64.1,20.9,18.4-23.7,7.6,6.2-9.3,72.2,69.6-74.6,37.7,34.9-40.7,19.8,17.1-22.8,38.1,35.6-40.5,7.1,5.7-8.7,7.5,6.0-9.3,12.3,10.3-14.7,33.3,31.3-35.4,,,,,,,,,42.4,38.5-46.4,70.9,66.7-74.8,11.1,9.5-12.8,83.2,81.3-84.9,,,weighted,9.6,6.3-14.4,26.7,23.4-30.2,22.1,18.2-26.5,33.8,30.9-36.8,8.1,4.8-13.5,17.4,13.5-22.1,7.8,6.3-9.6,56.1,51.5-60.5,17.2,14.2-20.6,7.4,5.6-9.6,73.2,70.8-75.6,39.9,35.6-44.4,20.8,17.0-25.1,38.7,34.3-43.4,8.3,5.0-13.6,6.4,4.0-10.3,14.9,11.0-20.0,30.7,28.2-33.4,,,,,,,42.4,38.5-46.3,42.4,38.5-46.3,64.1,56.7-71.0,12.4,10.4-14.8,18.1,16.5-19.8,,,weighted,8.7,6.9-10.9,23.9,21.3-26.8,19.5,17.5-21.5,34,31.4-36.6,5.8,4.7-7.2,15.5,13.7-17.6,7.9,6.6-9.4,56.9,54.8-59.0,18.6,16.9-20.4,8.4,6.2-11.3,73.6,71.5-75.6,37.7,34.7-40.9,19,16.3-22.0,38.1,36.0-40.3,6,4.9-7.5,4.9,3.9-6.3,11.4,9.8-13.3,32,29.5-34.6,,,,,,,,,43.1,38.9-47.4,65.7,61.9-69.2,13.8,12.0-15.9,981,79.3-82.5.,34,31.3-36.8,weighted,9.9,7.8-12.4,20.4,17.7-23.4,18.8,16.6-21.2,32.3,28.8-36.1,6.9,5.1-9.2,13.7,12.2-15.4,8.3,6.4-10.8,49.2,45.2-53.3,16.9,14.3-19.9,8.5,6.7-10.6,67.9,64.0-71.5,34.3,30.9-37.8,18.8,15.6-22.4,36.6,33.5-39.8,5.9,4.4-7.8,4.6,3.4-6.1,11.6,9.7-13.9,32.9,30.4-35.5,,,,,,,,,39.2,36.0-42.5,70.2,63.3-76.3,12.4,10.4-14.8,82.9,80.5-85.0,29.7,27.0-32.5
15,HI,15000,Unweighted,,,,,,,,,,,,,,,,,,,,,,,,,,,,,,,,,,,,,,,,,,,,,,,,,,,,,,,weighted,4.8,3.8-6.2,3,30.1-36.0,13.3,11.3-15.5,27,24.3-30.0,6.7,5.5-8.1,19.8,17.1-22.9,12.9,10.8-15.2,,,16.4,14.1-18.9,,,64.8,60.1-69.2,34.8,30.7-39.1,18.8,15.5-22.6,34.6,30.6-38.9,6.5,4.6-9.1,4.3,3.3-5.5,13,10.6-15.9,32.7,29.3-36.4,35.7,32.5-38.9,24.1,21.5-26.8,9,7.0-11.6,36.9,33.5-40.5,36.9,33.5-40.5,87.9,80.8-92.6,13.5,11.6-15.7,80.9,78.6-83.0,,,weighted,,,33.9,30.2-37.8,14.8,11.9-18.3,28.6,24.4-33.3,7.8,6.0-10.2,18.5,15.6-21.9,12,9.5-15.0,,,12.8,9.3-16.9,,,58.7,52.5-64.7,29.1,23.6-35.4,14.9,10.3-21.0,29.9,24.5-36.0,5.6,3.9-7.9,4.5,2.6-7.6,11.4,9.2-14.0,36.2,31.3-41.3,36.2,31.4-41.3,23.6,20.1-27.6,6.1,4.3-8.7,45.8,38.6-53.2,32.9,29.5-36.6,92.2,87.4-95.2,15.6,13.0-18.8,82.8,79.7-85.4,22.6,19.5-26.1,weighted,,,37.1,31.1-43.4,15.9,12.1-20.5,29.5,25.7-33.5,7.9,6.4-9.9,18.9,15.9-22.2,12.8,10.1-16.1,,,15.2,12.7-18.0,4.9,3.5-6.9,68.6,63.4-73.4,37.8,31.9-44.2,22.4,18.1-27.5,40.2,33.2-47.7,6,4.3-8.3,3.9,2.7-5.6,10.1,8.4-12.1,36.1,33.1-39.2,44.3,37.2-51.6,30.5,24.4-37.4,11.1,7.7-15.6,52.3,60.2-44.2,30.1,27.1-33.2,88.6,83.3-92.4,14.5,11.3-18.3,82.8,81.0-84.5,20.8,17.8-24.1
19,IA,19000,Unweighted,,,,,,,,,,,,,,,,,,,,,,,,,,,,,,,,,,,,,,,,,,,,,,,,,,,,,,,weighted,7.5,6.0-9.5,30.6,26.0-65.7,15.7,12.8-19.1,28.3,25.0-31.8,3.9,2.6-5.9,16.2,13.9-18.9,7.2,5.6-9.1,49.6,43.4-55.8,22.2,19.0-25.8,7.9,6.0-10.4,75.6,70.1-80.4,43.8,38.5-49.3,31,25.9-36.7,31,25.9-36.6,6.1,4.7-7.8,4.3,3.0-6.3,10.3,8.1-12.9,15.5,12.9-18.7,43.5,37.7-49.5,32.8,27.2-38.9,12.7,9.7-16.6,28.6,24.9-32.6,,,89.7,82.4-94.2,12.2,9.5-15.6,83.4,81.3-85.2,,,weighted,6.8,5.2-8.8,26.5,23.0-30.4,12.8,10.6-15.4,24,21.2-27.1,4.9,3.0-7.8,12.3,10.4-14.5,6.7,5.0-8.9,43.3,37.9-49.0,18.9,15.4-23.0,8.1,6.2-10.4,72.6,68.4-76.5,41,36.2-46.1,26.1,22.1-30.6,24,18.8-30.0,5.2,3.8-7.1,3.6,2.4-5.5,9.8,7.7-12.6,10.1,8.0-12.6,43.3,37.6-49.1,33.6,29.3-38.0,12.7,9.9-16.0,33.9,27.3-41.1,24.9,21.8-28.3,80,69.0-87.7,11.3,8.6-14.7,81.1,78.9-83.1,32.6,29.3-36.2,unweighted,,,,,,,,,,,,,,,,,,,,,,,,,,,,,,,,,,,,,,,,,,,,,,,,,,,,,,
16,ID,16000,Weighted,11,9.4-12.9,24.1,20.3-28.4,,,28.3,24.3-32.6,4.1,2.9-5.8,17.8,15.9-19.9,8.6,6.8-10.8,43.4,38.5-48.4,14,11.8-16.6,5.7,3.8-8.3,61.7,54.3-68.5,34.8,29.9-40.0,23.4,19.0-28.5,30.6,25.7-35.9,6.2,4.6-8.2,5.6,4.6-6.7,14.3,12.1-16.7,19.6,17.1-22.3,36.4,31.3-41.8,,,,,,,23.7,20.6-27.0,70.5,64.2-76.2,7.4,5.8-9.4,81,79.6-83.2,,,weighted,9.3,7.7-11.3,27.7,23.6-32.3,23.9,21.0-27.0,32.3,29.5-35.2,5.2,4.0-6.8,15.9,13.5-18.5,8.9,7.0-11.2,45.4,39.9-51.1,15.8,13.4-18.6,9.1,7.1-11.6,65.7,58.8-72.0,39.8,34.5-45.3,28.3,24.1-33.0,34.4,29.4-39.8,6,4.7-7.7,5.3,4.4-6.4,13.8,12.1-15.7,24.8,21.8-28.1,38.5,33.6-43.7,,,,,21.7,18.5-25.3,21.7,18.5-25.3,71.2,60.0-80.2,7.2,5.6-9.1,81.9,78.4-85.0,,,weighted,10.8,8.7-13.3,30,26.7-33.5,23.6,21.0-26.5,30,27.2-32.9,5.7,4.0-7.9,17.1,14.9-19.7,8.4,7.0-10.1,48.3,42.8-53.7,20,16.8-23.6,11.8,10.2-13.6,66.5,60.0-72.4,42.5,37.1-48.2,30.4,25.5-35.7,33.1,27.9-38.7,8.5,6.7-10.7,6.4,4.6-8.9,18.1,15.9-20.5,25.1,21.9-28.6,42.1,36.8-47.6,,,,,,,22,18.9-25.3,68,60.3-74.8,11.1,9.5-12.8,82.6,79.7-85.1,23.2,20.6-26.0,weighted,8.6,7.5-9.8,22.2,20.1-24.5,21.8,19.6-24.2,29,26.9-31.2,4,2.7-5.9,14.2,12.3-16.2,6.9,5.6-8.4,39.6,35.7-43.6,14.5,12.4-16.8,9.4,7.4-11.8,62.5,58.5-66.3,34.2,30.3-38.3,22.3,19.3-25.6,29.9,26.3-33.7,5.5,4.5-6.8,3.1,2.3-4.2,12.6,11.1-14.3,22.7,20.0-25.6,39,36.0-42.1,,,,,,,21.9,19.9-24.1,76.3,71.3-80.6,8.8,7.4-10.3,81.5,79.5-83.4,18.3,16.7-20.1
17,IL,17000,DNP,,,,,,,,,,,,,,,,,,,,,,,,,,,,,,,,,,,,,,,,,,,,,,,,,,,,,,,unweighted,,,,,,,,,,,,,,,,,,,,,,,,,,,,,,,,,,,,,,,,,,,,,,,,,,,,,,,weighted,7,5.2-9.2,28.6,25.7-31.7,14.3,12.3-16.5,33.9,30.1-37.9,4.6,3.8-5.7,12.9,11.4-14.7,6.8,5.5-8.3,51.8,46.2-57.4,19.9,16.9-23.3,4.9,3.7-6.5,74.1,70.3-77.6,43.7,38.2-49.3,28,23.9-32.5,38.6,33.3-44.1,6.7,5.7-7.8,3.6,2.7-4.8,11.8,10.2-13.7,21.2,18.9-23.8,50.1,41.8-58.5,37.4,30.6-44.8,15.8,12.1-20.5,35.2,31.4-39.3,35,29.7-40.7,52.7,40.9-64.2,12.9,10.9-15.1,78.9,76.2-81.3,33.7,30.3-37.2,weighted,8.3,7.0-9.8,29,26.2-32.1,16,14.0-18.2,33,30.2-35.9,7.4,5.9-9.1,14.5,12.9-16.3,8.9,7.2-10.9,50.6,46.7-54.4,18.1,15.0-21.8,8.3,6.8-10.1,70.3,67.0-73.5,39.8,36.0-43.7,24.7,20.9-29.0,38.9,35.3-42.5,6.8,5.0-9.0,3.8,2.8-5.0,11.6,9.7-13.7,27.5,23.7-31.7,48.1,43.0-53.2,36.2,32.1-40.6,14.5,12.3-17.0,36.8,41.2-32.6,35.7,32.1-39.5,32.5,26.1-39.5,11.9,9.9-14.3,81.7,79.4-83.7,31.1,27.4-35.2
18,IN,18000,Weighted,10.6,8.1-13.9,28.3,25.8-30.9,17.8,14.1-22.1,30.6,26.6-34.9,3.8,2.7-5.5,16,13.6-18.8,6.6,4.7-9.1,60.4,55.6-65.1,25.6,23.2-28.2,7.2,5.7-9.1,77.8,74.6-80.8,44.9,41.7-48.2,28.9,26.1-31.9,43.4,38.9-48.0,7.9,6.5-9.5,8.2,6.5-10.3,12.9,10.8-15.2,28.3,25.2-31.6,48.8,43.8-53.7,38,34.5-41.7,,,44.6,39.2-50,32.9,27.8-38.4,76.3,66.7-83.7,11.5,9.3-14.0,79.7,77.1-82,,,weighted,8.2,6.8-10.0,24.6,21.1-28.5,19.2,16.7-21.9,29.3,26.3-32.5,4.3,3.5-5.4,18,15.8-20.5,9.6,7.7-11.9,56.9,52.3-61.3,21.9,18.0-26.4,8.6,6.6-10.9,75,71.5-78.2,41.4,37.2-45.8,24.6,20.6-29.2,38.2,34.4-42.2,6.8,5.0-9.3,7,5.4-9.1,14.1,11.5-17.1,28.9,26.3-31.7,44.5,40.6-48.5,34.6,31.4-38.0,,,31.9,28.2-35.9,31.9,28.2-35.9,71.8,64.1-78.4,15,12.6-17.7,84.5,82.5-86.4,,,weighted,9.2,7.9-10.8,26.4,23.2-29.8,20.9,19.3-22.6,29.5,26.8-32.3,5.9,4.5-7.8,15.8,13.2-18.8,7.2,5.9-8.9,53.3,48.8-57.7,22.5,17.8-27.9,10.7,8.9-12.7,75.2,71.3-78.8,43.9,39.4-48.5,28.2,23.4-33.6,37.8,34.9-40.8,8,6.5-9.8,6.2,4.7-8.2,15.8,13.1-19.0,20.5,18.5-22.7,49.1,46.1-52.2,37,34.4-39.6,13.3,11.5-15.4,42.9,39.7-46.1,28.7,25.6-32.1,74.8,67.5-80.8,13.8,12.0-15.9,81.8,79.8-83.6,35.6,32.1-39.2,weighted,7.1,5.6-8.9,23.4,20.3-26.8,18.1,15.1-21.6,29.1,26.1-32.3,4.1,2.8-5.9,17.2,16.0-18.5,9.3,7.2-11.9,52.2,47.5-56.9,23.5,20.4-27.0,10.7,9.0-12.5,69.2,65.2-73.0,38.5,34.2-43.0,24.9,21.4-28.7,37.1,33.6-40.7,6.6,5.1-8.5,4.1,2.8-5.8,16,13.8-18.4,25.5,23.0-28.1,49.2,44.5-54.0,36.7,32.8-40.7,13.7,10.7-17.5,42,47.7-36.5,29,25.2-33.1,77,68.9-83.4,12.8,10.5-15.4,83.9,81.5-86.0,29.7,27.8-31.6
20,KS,20000,Unweighted,,,,,,,,,,,,,,,,,,,,,,,,,,,,,,,,,,,,,,,,,,,,,,,,,,,,,,,weighted,14.7,12.0-17.8,29.2,25.8-32.7,16.2,13.6-19.2,27.9,25.0-31.1,5.4,4.1-7.1,13,11.0-15.3,6.5,4.9-8.6,51,46.0-56.1,21,17.2-25.5,10.8,8.1-14.2,73.6,69.8-77.0,43.9,40.4-47.4,29,25.2-33.1,33.3,29.2-37.7,6.6,5.4-8.1,6,4.6-7.8,10.3,8.5-12.4,16.7,14.3-19.4,44.8,40.5-49.3,33.3,29.6-37.2,13.3,11.2-15.7,55.5,50.8-60.1,28.8,26.1-31.6,72.2,66.0-77.6,11.9,10.1-14.0,79.4,76.9-81.7,,,weighted,15,12.6-17.8,30.7,27.2-34.4,18.4,16.1-21.0,30.3,27.1-33.8,5.7,3.6-8.9,13.9,11.9-16.2,6.7,5.5-8.2,48.6,45.9-51.3,20.6,18.2-23.2,9.4,7.8-11.2,69.7,66.6-72.6,42.4,39.0-45.9,27.1,24.0-30.4,31.1,28.0-34.4,8.7,7.1-10.5,6.2,4.7-8.2,12.5,10.4-14.9,15,12.7-17.8,45,41.3-48.7,34.4,31.3-37.7,15.4,13.1-17.9,34.2,77.5-86.9,25.9,23.1-28.9,74.3,67.3-80.3,11.1,9.3-13.2,79.2,76.3-81.8,33.1,30.2-36.2,weighted,11.2,9.0-13.8,25.8,22.7-29.1,16,13.5-18.7,27.8,25.0-30.6,3.5,2.5-5.0,12.6,10.8-14.6,6.1,4.5-8.3,43.7,40.3-47.2,16.9,14.2-20.0,8.1,6.7-9.7,69.2,65.3-72.9,38.7,34.9-42.8,25.5,22.3-29.0,30.1,26.6-33.9,6.4,5.2-8.0,4.3,3.0-6.0,10,8.4-11.8,15.1,13.6-16.8,46.6,42.1-51.2,34.2,30.0-38.8,14.2,11.3-17.6,39.9,44.6-35.4,28.3,25.3-31.5,,,12.4,10.4-14.7,,,30.7,27.7-33.9
21,KY,21000,Weighted,18.7,16.2-21.5,25.5,23.1-28.0,18.5,16.2-21.1,26.4,23.1-29.9,5,3.9-6.5,17.6,14.7-20.9,10.3,8.0-13.3,71.1,67.4-74.5,32.7,28.8-36.9,13.7,11.7-16.1,76.7,73.8-79.4,45.1,41.1-49.0,32.8,29.3-36.4,43.3,39.5-47.2,9.8,7.8-12.3,9.7,8.0-11.7,14.3,12.1-16.7,30.4,27.5-33.6,52.1,46.4-57.7,38.7,32.8-45.0,14.8,11.6-18.6,38.3,32.7-44.3,30.8,27.0-34.9,76.2,70.7-81.0,4.6,12.1-17.6,86.8,85.0-88.4,,,weighted,18.1,16.5-19.9,22,20.2-23.8,23.1,20.2-26.3,29.6,27.3-32.0,4.3,3.4-5.5,15.4,13.5-17.4,9.2,7.8-10.9,59.5,56.2-62.7,26.2,23.4-29.2,14.8,12.3-17.7,68.5,65.2-71.6,37.4,33.9-41.1,25.2,22.4-28.2,34.4,31.0-37.9,8.3,6.9-9.9,7.3,6.0-8.8,13.5,11.7-15.4,19.8,17.4-22.4,46.3,42.8-49.9,33.5,30.3-36.9,13.6,12.1-15.4,34.8,31.4-38.5,35.5,32.4-38.6,82.7,78.4-86.3,15.6,14.2-17.2,82.9,81.3-84.4,,,weighted,17.6,15.4-20.0,20.3,18.2-22.7,24.4,22.3-26.7,27,25.0-29.0,5.3,4.3-6.6,15.1,13.7-16.6,7.6,6.6-8.7,62.2,59.4-65.0,26,24.1-28.1,15.8,13.8-18.1,71.7,69.4-73.9,40.6,38.1-43.2,27.1,25.1-29.2,35,32.4-37.6,8.6,7.5-9.8,6,4.8-7.4,14.2,12.4-16.2,27,24.8-29.3,50.3,46.1-54.4,36.5,33.0-40.2,14.4,12.6-16.5,41,37.6-44.5,27.4,25.5-29.4,80,74.7-84.4,15.6,13.9-17.3,86.8,85.5-88.1,40.5,37.6-43.4,weighted,13.4,10.8-16.4,20.9,19.2-22.8,21.7,18.4-25.4,28.7,25.4-32.2,5.4,4.1-7.0,14.6,12.3-17.2,8.8,7.0-10.9,59,53.9-64.0,26.1,22.2-30.4,14.2,11.9-16.8,69.3,66.2-72.3,37.8,35.1-40.5,23.6,21.2-26.2,31.4,27.2-35.9,6,4.2-8.5,4.9,3.6-6.7,13.4,10.9-16.2,25.6,22.6-28.7,48.3,43.8-52.7,33.6,29.8-37.5,12.7,10.6-15.2,40.1,33.6-46.9,28.8,25.6-32.2,76.9,70.2-82.4,17.6,15.1-20.4,85.8,84.0-87.4,35.7,32.3-39.3
22,LA,22000,Unweighted,,,,,,,,,,,,,,,,,,,,,,,,,,,,,,,,,,,,,,,,,,,,,,,,,,,,,,,DNP,,,,,,,,,,,,,,,,,,,,,,,,,,,,,,,,,,,,,,,,,,,,,,,,,,,,,,,DNP,,,,,,,,,,,,,,,,,,,,,,,,,,,,,,,,,,,,,,,,,,,,,,,,,,,,,,,weighted,12.8,10.3-15.8,35.9,32.1-39.8,19.6,16.2-23.6,36.1,32.7-39.6,9.1,6.5-12.5,14.4,11.1-18.5,10.9,8.6-13.6,54.8,49.9-59.7,17.6,14.7-20.9,9.6,6.6-13.9,73.5,68.9-77.5,47.5,41.5-53.5,24.6,18.5-31.9,32.8,30.0-35.8,7.9,6.2-10.0,7.9,5.5-11.3,12.4,10.0-15.4,22.8,19.4-26.6,,,,,,,,,40.3,35.7-45.1,63.6,47.1-77.4,14.7,12.1-17.7,86.1,82.9-88.8,36.6,31.5-42.0
25,MA,25000,Weighted,16.2,13.8-19.0,27.5,24.9-30.3,13.5,11.8-15.4,30.7,28.6-32.9,4.6,4.0-5.3,16.3,14.7-18.1,8.4,7.3-9.6,53.2,50.0-56.4,20.9,18.3-23.8,4.1,3.4-4.9,75.2,72.1-78.1,45.7,43.2-48.1,26.9,24.3-29.7,46.7,43.4-50.0,8.4,7.0-9.9,6.1,5.1-7.2,,,31.9,29.7-34.1,41,37.4-44.6,29.8,27.3-32.5,10.1,8.5-12.0,42.6,39.6-45.6,31.3,27.6-35.2,86.3,80.9-90.4,9.9,8.1-12.0,,,,,weighted,15.4,13.1-18.0,27.2,25.5-29.0,15.2,13.5-17.1,28.6,26.0-31.4,4,3.3-4.8,12.7,11.2-14.3,6.4,5.4-7.7,50.7,47.0-54.4,20.5,18.6-22.4,4.4,3.4-5.7,76.4,73.8-78.8,47.8,45.0-50.6,26.5,23.6-29.6,45.2,41.7-48.7,7.9,6.9-9.1,4.4,3.6-5.5,,,29.9,27.7-32.2,45.4,41.1-49.7,34.1,30.7-37.6,12.6,9.9-15.8,35,31.5-38.7,32.8,29.6-36.2,82.1,74.7-87.7,11.2,9.3-13.5,,,,,weighted,14.7,12.4-17.3,25.8,23.3-28.4,14.9,13.2-16.8,27.5,24.9-30.4,4.7,3.8-5.8,12.5,10.9-14.2,7.6,6.2-9.3,46.4,42.8-50.1,17.7,15.3-20.4,6.7,5.2-8.5,72.5,70.2-74.7,46.2,43.0-49.4,27.9,25.0-31.0,41.2,37.8-44.6,8.7,7.3-10.4,4,3.1-5.0,,,27.3,25.2-29.6,44.4,40.1-48.8,32.7,29.0-36.6,12.3,10.4-14.6,38.9,35.6-42.4,28.4,25.6-31.4,81.8,76.3-86.2,11.1,9.6-12.8,,,24.9,22.2-27.8,weighted,13.9,11.7-16.5,26.7,24.0-29.5,12.8,10.9-15.0,29.2,26.7-31.8,4,3.0-5.3,13.5,11.9-15.2,6.8,5.5-8.4,43.3,39.4-47.3,16,13.9-18.3,7.9,6.3-9.9,71.3,68.2-74.2,43.6,41.0-46.2,24.5,22.1-27.0,42.5,39.0-46.1,6.1,4.9-7.6,2.8,2.1-3.6,,,26.1,23.5-29.0,46.4,42.6-50.2,34.6,31.6-37.8,12.9,10.9-15.1,42.5,45.9-39.2,30.4,27.3-33.6,82.1,74.1-88.0,10.9,9.3-12.9,,,21,18.7-23.4
24,MD,24000,DNP,,,,,,,,,,,,,,,,,,,,,,,,,,,,,,,,,,,,,,,,,,,,,,,,,,,,,,,weighted,6.1,4.7-7.7,25,21.0-29.4,19.1,15.9-22.7,36.6,32.7-40.5,7.6,5.3-10.7,17.4,14.9-20.4,9.3,7.1-12.0,48.5,42.7-54.3,16.5,13.2-20.6,2.9,1.7-4.7,73.1,69.8-76.2,39.8,35.2-44.5,20.8,16.8-25.6,38.2,32.4-44.2,6.9,5.5-8.6,4,2.6-6.1,12.5,10.1-15.3,28.9,24.7-33.4,,,,,,,40.7,33.6-48.3,40.7,33.6-48.3,80.9,73.4-86.6,12.6,10.5-15.1,80.1,74.8-84.6,,,weighted,9.5,7.3-12.4,28.9,25.3-32.7,19.3,16.3-22.7,35.7,30.3-41.5,7.4,5.2-10.4,13.2,11.1-15.5,7.5,5.5-10.2,20.3,45.7-55.0,16.8,12.8-21.7,4.2,2.7-6.6,72.9,67.8-77.4,42.9,36.4-49.7,23.9,18.4-30.4,36.5,31.3-42.0,5.5,3.7-8.3,3,2.0-4.5,12.9,11.0-15.1,27.4,24.4-30.6,,,,,,,,,41.9,34.9-49.2,84.4,80.0-87.9,13.1,10.9-15.6,81,78.3-83.4,,,weighted,8.2,6.7-10.0,26.7,24.0-29.7,16.6,14.2-19.3,32.5,27.9-37.4,7.1,5.7-8.9,14.5,12.1-17.3,10.4,8.0-13.4,43.5,40.0-47.2,11.9,9.7-14.4,5.4,4.1-7.1,67.2,63.5-70.8,37,34.0-40.1,19.4,16.7-22.4,35.9,31.9-40.0,6.3,5.1-7.8,4.3,3.4-5.3,11,9.3-13.0,29.3,26.5-32.2,,,,,,,,,39.1,34.0-44.5,80,71.8-86.3,12.2,9.9-14.9,77.5,73.8-80.8,21.3,19.7-23.0
23,ME,23000,Weighted,15.2,12.7-18.0,24.2,20.3-28.5,16.5,14.1-19.2,26.5,23.6-29.6,5.3,4.1-6.8,17.1,15.5-18.8,9,7.4-10.9,,,20.5,17.2-24.2,4.3,3.2-5.7,,,42.2,38.4-46.0,27.3,23.6-31.5,,,8.3,6.4-10.7,8.3,6.7-10.1,13.1,10.9-15.6,32.6,29.0-36.4,42.8,36.3-49.6,31.2,25.2-37.9,10.6,8.5-13.1,42.2,37.3-47.2,26.3,23.5-29.3,91.8,84.1-96.0,12.8,10.8-15.2,77.4,75.0-79.8,,,weighted,14.4,11.4-18.1,25.2,21.5-29.3,18.3,14.4-23.0,28.2,25.9-30.7,3.4,2.2-5.1,13.3,11.3-15.7,6.4,4.8-8.5,,,16.2,12.6-20.7,6.9,5.4-8.6,,,43,38.5-47.7,25.2,21.6-29.3,,,7.6,5.9-9.8,5.2,3.5-7.6,13,10.7-15.6,33.5,29.6-37.7,44.8,38.2-51.7,33.5,27.7-39.9,11.9,8.6-16.3,41.4,34.7-48.4,26.8,24.0-29.8,93.3,86.2-96.9,10.9,9.2-13.0,81.1,78.6-83.3,,,weighted,11.2,9.4-13.4,21.8,18.1-26.1,15,12.1-18.5,26.5,22.6-31.0,5.3,3.9-7.2,11.2,9.1-13.6,4.8,2.9-8.0,,,14,11.3-17.1,6.2,4.6-8.3,,,39.3,34.4-44.4,23.3,18.8-28.5,,,,,5,3.5-7.3,13.3,10.5-16.7,29.1,25.6-32.9,45.4,40.8-50.0,33.4,29.6-37.5,11.8,9.0-15.4,41.1,35.2-47.3,23.6,20.0-27.6,93.3,86.3-96.8,12.8,10.4-15.7,79.6,76.4-82.5,19.9,16.1-24.4,weighted,,,,,,,22.8,21.8-23.9,5.5,5.0-6.1,12.2,11.5-13.0,7.9,7.4-8.5,,,18.1,17.0-19.1,8.6,7.9-9.3,65.2,63.9-66.5,32.2,30.9-33.5,,,36.2,34.8-37.5,,,,,14.8,13.9-15.6,21.2,20.2-22.2,46,44.3-47.6,35.3,33.8-36.8,11.9,11.0-12.9,39.5,41.6-37.4,25.4,24.4-26.5,94.6,93.9-95.3,12.5,11.7-13.3,,,,
26,MI,26000,Weighted,7.9,6.6-9.3,29.6,27.4-32.0,15.2,13.5-17.2,30.8,27.7-34.0,5.5,4.3-7.0,18.1,15.7-20.7,10.5,9.2-12.0,60.2,56.7-63.6,22.6,18.3-27.4,6.5,5.2-8.1,75.9,73.9-77.7,44,41.1-46.9,27.4,24.0-31.1,44.1,39.9-48.3,8.7,5.6-13.2,7.8,5.9-10.2,13.4,11.3-15.8,31.3,28.3-34.5,43.5,38.2-48.9,31.1,26.5-36.2,13.5,10.7-16.9,37.5,30.6-45.0,34.8,31.0-38.8,72.5,65.3-78.6,12.4,10.7-14.3,81.6,79.4-83.7,,,weighted,6.3,4.9-8.0,24.9,22.2-27.9,15.8,13.0-19.1,30.1,26.2-34.4,7,5.1-9.5,15.8,13.5-18.4,9.3,7.6-11.3,52.4,48.1-56.7,17,14.6-19.7,6.9,5.2-9.0,72.6,68.6-76.3,38.1,34.7-41.7,22.5,19.4-25.9,37.4,33.2-41.7,7,5.7-8.6,4.3,3.3-5.5,12.2,10.5-14.0,28.8,26.1-31.7,42.2,37.2-47.4,29.4,26.0-33.0,11.8,9.5-14.6,35.8,31.7-40.1,35.8,31.7-40.1,70.2,64.0-75.8,12.1,10.0-14.6,83.3,81.8-84.7,,,weighted,6.2,5.0-7.8,27.6,24.3-31.1,17.9,15.4-20.6,30.7,27.1-34.6,6.5,4.3-9.8,15.3,13.2-17.7,9.1,7.4-11.2,51.2,47.4-54.9,18,14.7-21.8,8.9,6.7-11.9,72.2,69.0-75.1,42.8,39.4-46.2,24.6,20.8-28.9,35.4,31.6-39.4,6.8,5.5-8.4,4,3.1-5.2,12,10.4-13.9,29.1,27.0-31.3,42.4,38.1-46.9,30,26.8-33.4,12.2,9.7-15.3,35,30.0-40.3,32.6,28.0-37.6,55.2,48.7-61.6,12.4,10.6-14.5,83,80.9-84.8,28.9,25.7-32.2,weighted,7.8,6.2-9.9,27.5,24.5-30.8,16.6,15.3-18.1,31.6,28.2-35.3,7.4,5.0-10.8,16,14.3-17.8,9.3,7.4-11.6,46,43.4-48.6,18.8,16.5-21.4,10.6,9.2-12.2,68.8,65.8-71.7,37,34.4-39.7,23.2,20.9-25.6,36.5,33.9-39.3,6.5,5.3-7.9,6.2,4.4-8.7,14.4,12.6-16.5,29.5,27.6-31.4,45.6,41.1-50.1,34.1,30.2-38.3,13.6,10.9-16.7,38.6,43.3-34.1,29.6,26.2-33.3,69,64.0-73.5,11.9,10.6-13.5,80.4,76.7-83.7,27.6,25.0-30.4
27,MN,27000,DNP,,,,,,,,,,,,,,,,,,,,,,,,,,,,,,,,,,,,,,,,,,,,,,,,,,,,,,,DNP,,,,,,,,,,,,,,,,,,,,,,,,,,,,,,,,,,,,,,,,,,,,,,,,,,,,,,,DNP,,,,,,,,,,,,,,,,,,,,,,,,,,,,,,,,,,,,,,,,,,,,,,,,,,,,,,,DNP,,,,,,,,,,,,,,,,,,,,,,,,,,,,,,,,,,,,,,,,,,,,,,,,,,,,,,
29,MO,29000,Weighted,15.5,12.4-19.3,31.7,27.9-35.7,16.8,13.1-21.3,28.2,23.9-32.9,4.7,3.5-6.3,16.8,13.2-21.1,7.3,5.0-10.7,63.3,59.9-66.6,24.8,21.5-28.4,5.7,3.4-9.4,77.8,75.2-80.3,49.2,44.5-53.9,30.5,26.1-35.3,41.3,37.9-44.8,6.6,4.5-9.7,6.2,4.6-8.3,10.5,7.7-14.2,21.6,17.4-26.5,52.2,48.6-55.7,38.4,35.3-41.7,16.5,14.4-18.9,32.7,26.9-39.2,32.4,27.6-37.7,66.8,56.2-76.0,12.1,9.3-15.6,85,81.4-87.9,,,weighted,12.2,10.1-14.6,25,21.9-28.4,19.4,15.8-23.6,29.8,25.4-34.6,5.4,2.7-10.7,15.3,13.2-17.6,7.1,6.1-84,49.6,45.-53.4,21.3,17.6-25.4,6.9,4.9-9.7,72.1,68.8-75.2,40.8,36.5-45.3,24.9,20.6-29.8,35,29.4-41.1,7.4,5.7-9.5,6.4,4.4-9.1,12.2,10.5-14.2,18.2,14.4-22.7,46.7,40.5-53.1,33.2,29.0-37.6,14,11.8-16.4,33.9,27.4-41.2,33.9,27.4-41.2,68.9,58.8-77.5,13.9,11.5-16.8,83.3,80.8-85.5,,,weighted,11.8,9.2-15.1,27.8,24.0-32.0,18.6,15.6-22.1,30.9,26.4-35.9,7.5,3.9-13.9,14.8,12.2-17.9,7.9,6.0-10.3,50.9,44.9-56.9,23.8,19.3-28.8,9.1,6.6-12.5,73.5,69.6-77.2,44.4,39.3-49.5,29.1,24.4-34.3,35.9,31.8-40.3,6.6,5.0-8.8,3.7,2.9-4.7,12.7,9.8-16.3,17.8,14.8-21.3,52.1,45.8-58.4,40.6,35.4-46.1,15.6,12.2-19.6,40.7,35.9-45.7,29.6,18.5-24.8,75.9,69.4-81.3,12,9.3-15.3,81.9,79.1-84.3,32.8,28.4-37.5,weighted,11.9,9.6-14.7,24.6,20.0-30.0,16,13.1-19.4,28.7,25.9-31.7,5.7,3.8-8.5,15.4,13.4-17.6,6.4,4.7-8.7,46.5,40.6-52.4,18.9,15.7-22.7,9.3,7.0-12.2,70.5,65.7-75.0,39.3,33.6-45.4,25.3,20.7-30.5,34.9,30.5-39.6,5,3.8-6.6,3.7,2.5-5.3,10.2,8.1-12.8,17.3,14.6-20.3,48.7,41.4-56.2,35.5,29.9-41.6,16,11.7-21.5,40.2,46.1-34.5,32.4,27.6-37.6,66.9,58.5,14.4,12.4-16.7,79.6,77.1-82.0,31.5,27.7-35.6
28,MS,28000,Weighted,23.2,20.4-26.3,30.9,28.1-33.9,20,16.6-24.0,30.6,27.3-34.2,5.9,4.4-8.0,13.5,11.7-15.5,6.6,5.1-8.7,65.6,61.2-69.7,25,22.1-28.1,8.2,5.6-11.7,75.6,71.5-79.2,41.8,38.3-45.5,24.6,21.3-28.2,38.7,34.8-42.6,5.7,4.1-7.9,6.9,5.0-9.4,10.8,9.0-12.9,22.3,19.7-25.2,61,55.2-66.5,46.3,41.1-51.6,23.6,19.8-28.0,34.8,31.5-38.3,54.1,50.1-58.0,76.6,73.3-79.6,15.7,13.2-18.5,79.6,77.5-81.6,,,unweighted,,,,,,,,,,,,,,,,,,,,,,,,,,,,,,,,,,,,,,,,,,,,,,,,,,,,,,,weighted,19.4,15.9-23.5,30.5,28.1-33.0,17.3,14.7-20.3,30.6,27.7-33.7,7.8,5.4-11.1,13.4,11.5-15.7,7.9,6.4-9.7,57.8,53.8-61.6,19.2,16.9-21.7,7.8,6.1-9.8,72.1,68.7-75.2,40.6,37.3-43.9,21.2,18.8-23.8,35.9,31.9-40.2,5.3,3.7-7.5,4.2,3.3-5.4,12.6,10.9-14.6,15.6,12.7-19.1,59.5,53.9-64.9,42.3,37.4-47.4,22.5,18.9-26.7,32.8,28.4-37.5,47.4,43.7-51.2,76.6,71.3-81.3,17.9,15.6-20.5,80.6,76.9-83.7,47,44.1-50.0,weighted,15.5,12.6-18.9,29.1,26.4-32.1,17.2,15.2-19.4,34.1,30.6-37.7,4.1,3.0-5.7,15.4,14.1-16.8,9.3,7.5-11.4,53.7,49.0-58.4,19.6,16.8-22.8,8.6,6.9-10.8,70,66.6-73.2,39.2,36.2-42.2,19.7,17.1-22.7,35.1,31.8-38.5,3.8,2.7-5.2,2.8,2.0-3.8,9.7,8.1-11.7,18,15.9-20.4,61,54.8-66.8,44.9,39.3-50.7,23.7,19.4-28.6,34.3,39.5-29.4,44.9,39.7-50.4,69,64.0-73.5,18.3,15.9-21.0,78.8,75.9-81.4,40.2,36.8-43.7
30,MT,30000,Weighted,17.8,15.5-20.4,36.9,33.9-39.9,19.4,17.7-21.2,28.6,26.3-30.9,3.4,2.8-4.3,18.9,17.1-20.9,9.7,8.5-11.2,61,57.1-64.8,22.9,20.0-26.1,13.2,11.1-15.6,81.1,78.9-83.2,49.5,46.1-52.8,37.3,34.2-40.5,43.9,39.9-48.0,8.7,7.4-10.2,9.3,7.8-10.9,13.8,11.8-16.0,26.9,24.5-29.5,43.6,40.3-47.0,29.9,27.1-32.8,14,11.8-16.5,40.4,36.5-44.5,25.3,22.9-27.8,67.4,62.3-72.1,8.1,6.7-9.7,83.3,81.5-84.9,,,weighted,13.9,12.3-15.7,34.4,31.9-37.0,21.4,19.1-23.9,30.5,28.2-32.9,4.2,3.2-5.3,17.5,15.7-19.4,10.3,8.7-12.1,55.4,51.9-58.9,20.1,17.8-22.5,14.8,12.9-16.9,77.8,75.5-80.0,48.6,45.7-51.6,34.4,31.4-37.6,41.7,37.6-45.9,9.5,8.0-11.2,8.3,7.0-9.8,15.4,13.6-17.3,25.3,23.2-27.5,43.6,39.7-47.6,31.2,28.1-34.5,13.1,11.1-15.3,26.3,24.1-28.6,26.3,24.1-28.6,66,60.9-70.8,9.3,8.1-10.7,83,81.6-84.3,,,weighted,14.2,12.4-16.3,32.9,30.3-35.5,22.1,20.6-23.6,32.8,30.7-35.0,4.2,3.4-5.3,15.1,13.9-16.5,7.9,6.8-9.1,52.1,48.9-55.2,20,17.3-23.0,12.9,11.3-14.7,77.8,76.0-79.4,46.5,43.7-49.2,32.7,30.1-35.5,39.1,35.8-42.4,8.3,7.0-9.8,4.6,3.7-5.9,16.2,14.4-18.1,24.9,23.3-26.6,45.7,42.5-48.8,31.2,28.6-33.9,13.7,12.3-15.3,36.7,33.0-40.5,22.2,20.4-24.1,67.2,62.7-71.4,10.1,9.0-11.2,82.9,81.4-84.4,26.2,24.5-28.1,weighted,13.1,10.2-16.6,28.8,25.0-33.0,23,20.9-25.2,31.7,27.3-36.4,5.2,2.7-9.6,17.4,14.9-20.3,7.7,6.1-9.6,50,44.6-55.5,18.7,15.2-22.8,14.6,11.6-18.1,75.7,72.9-78.3,42.8,39.2-46.5,30.1,26.6-33.8,42.2,38.0-46.5,7.2,5.7-9.1,3.1,1.9-4.9,14.2,11.1-18.0,20.7,18.6-23.0,47.6,42.8-52.4,32.2,28.8-35.8,16,13.1-19.4,32.5,37.5-27.8,23.7,21.5-26.1,67.8,63.3-71.9,10.4,8.4-12.8,81.6,78.6-84.3,25.7,23.1-28.4
37,NC,37000,Weighted,10.9,8.7-13.6,23.5,20.9-26.3,19.2,16.4-22.4,30.9,28.1-33.8,5.2,3.9-7.1,18.1,16.1-20.3,,,,,24.8,21.1-28.8,,,,,39.4,34.2-44.9,21,16.4-26.4,42.7,37.7-47.8,8.4,6.3-11.1,6.6,5.1-8.4,15.4,13.2-17.9,31.9,28.5-35.5,52.5,45.9-59.1,37.9,32.4-43.8,17.1,14.2-20.4,37.9,33.2-42.9,,,69.5,64.0-74.5,12.5,10.8-14.5,82.2,79.4-84.7,,,weighted,8.3,6.7-10.1,25.3,22.3-28.6,21.5,18.9-24.3,29.9,27.2-32.8,5.8,4.2-8.1,15.6,14.1-17.3,13.1,11.4-14.9,,,24.9,21.7-28.4,,,,,42.3,38.1-46.7,23.1,19.4-27.4,40.1,37.0-43.3,7.9,6.4-9.8,6.5,5.1-8.3,11.9,10.3-13.7,27.4,24.2-30.8,50.8,46.8-54.8,37.1,33.7-40.7,17.2,14.5-20.3,36.3,33.3-39.4,36.3,33.3-39.4,62.6,55.2-69.2,13.5,11.2-16.2,,,,,weighted,7.9,6.4-9.6,24.7,22.6-27.0,21.2,18.9-23.7,30.1,27.1-33.3,7,4.1-11.9,12.5,10.8-14.4,13.3,11.6-15.3,,,22.5,20.3-24.8,,,,,37.7,35.0-40.4,21.1,19.0-23.3,36.4,33.6-39.2,7,5.5-8.7,4.7,3.8-5.8,13.8,11.6-16.4,28.5,25.9-31.3,52.1,48.9-55.4,37.5,35.5-39.6,16.1,14.1-18.3,38.5,34.3-42.8,35.3,32.5-38.2,71,67.3-74.5,12.8,10.6-15.3,85.2,83.5-86.7,36.9,34.4-39.6,weighted,7,5.8-8.5,20.7,17.9-23.8,19.6,17.8-21.6,28.6,26.7-30.5,5.6,4.4-7.0,13.2,12.0-14.6,9.9,8.6-11.3,,,17.7,14.8-21.0,,,,,35,30.4-40.0,18.7,14.9-23.2,37,33.2-41.0,5.5,4.4-7.0,3.4,2.5-4.5,11.7,10.6-12.9,30.2,27.3-33.2,51.1,46.2-56.0,36.6,32.1-41.4,15.7,13.4-18.2,39.3,41.7-36.9,36.2,31.7-41.0,,,13.4,11.1-16.0,83.1,81.3-84.8,32.5,29.7-35.5
38,ND,38000,Weighted,21.4,18.7-24.5,42.8,39.4-46.4,,,27.2,24.1-30.5,2.8,1.8-4.2,13.6,11.9-15.5,7.2,5.7-9.0,61.5,57.5-65.3,30.2,26.9-33.6,10.3,7.9-13.4,,,54.2,50.7-57.6,39.5,35.6-43.5,,,9.7,7.7-12.1,8.5,6.7-10.7,10.7,9.0-12.7,21.3,19.2-23.5,42.8,38.8-47.0,31.6,28.2-35.3,12.4,10.3-14.8,33.7,29.2-38.4,21.3,19.4-23.2,62.8,57.3-67.9,9.3,7.7-11.2,82.7,80.5-84.7,,,weighted,17.4,14.5-20.9,37.4,33.5-41.5,,,,,3.7,2.4-5.5,15.4,13.6-17.3,6.4,5.5-7.6,55.9,51.7-60.0,22.1,19.1-25.4,11.2,9.0-13.7,,,49,45.3-52.8,33.8,30.2-37.6,,,7.2,5.4-9.6,5.4,3.9-7.4,10.9,9.0-13.2,19.6,17.5-21.9,41.2,36.9-45.6,32.4,28.4-36.7,11.3,9.3-13.6,24.4,22.1-26.9,24.4,22.1-26.9,63,58.0-67.8,11.2,9.0-13.9,86.2,84.6-87.8,,,weighted,15,13.0-17.3,31.5,28.8-34.4,,,,,,,10.4,8.7-12.3,8.8,7.4-10.3,49.1,44.7-53.6,21.1,18.3-24.3,11.7,9.9-13.7,73.9,70.9-76.7,46.1,42.5-49.8,32.5,29.5-35.7,30.1,26.7-33.8,6.2,5.0-7.8,4.1,3.2-5.2,11.1,9.5-13.0,18.7,16.7-20.9,42.6,38.9-46.4,31.6,28.2-35.2,10.9,8.8-13.4,36.4,30.6-42.8,25,22.3-27.8,,,10,8.2-12.0,83.4,81.2-85.4,28.6,26.0-31.5,weighted,17,14.7-19.6,28.3,25.8-30.9,,,,,,,12.4,10.8-14.1,5.7,4.6-7.1,46.5,43.0-50.0,22.4,19.5-25.7,15.3,13.1-17.8,72.3,69.1-75.2,43.3,39.8-46.9,30.7,27.4-34.2,30.7,26.7-35.0,5.1,3.7-6.9,3.4,2.4-4.7,11.5,9.6-13.6,19.5,17.3-21.9,44.6,41.0-48.4,33.3,29.6-37.1,11.7,9.6-14.2,,,25.6,23.3-28.0,,,11,9.6-12.7,86.3,84.5-88.0,26.3,23.6-29.3
31,NE,31000,Weighted,21.9,19.7-24.2,38.5,36.1-40.9,16,14.0-18.3,29.6,27.3-31.9,3.1,2.5-4.0,17.9,16.1-19.9,8.8,7.4-10.5,60.2,57.2-63.2,24.1,21.7-26.7,10.1,8.3-12.1,78.4,75.9-80.8,46.5,43.9-49.1,32.2,29.6-34.9,34.6,31.1-38.2,6.9,5.7-8.3,6.3,5.2-7.7,11.7,10.0-13.7,23.3,21.3-25.4,42.8,39.4-46.3,31.5,28.6-34.6,12,10.3-14.0,39.8,35.8-43.8,28,69.3-74.5,63.6,59.4-67.7,10.5,9.1-12.1,83.7,82.0-85.2,,,weighted,15.9,14.2-17.8,35.6,33.4-37.9,17.9,16.2-19.8,28.5,26.5-30.5,3.9,3.2-4.8,16.5,15.1-18.0,9.4,8.2-10.9,53.4,51.0-55.9,21.8,19.3-24.4,8.7,7.4-10.2,73.2,71.2-75.2,42.9,40.4-45.4,29.8,27.3-32.4,32.3,29.7-35.0,7.5,6.3-8.8,5.8,4.9-6.9,11.3,10.0-12.7,22,20.4-23.7,40.8,37.8-43.9,29.9,27.4-32.5,11.9,10.3-13.8,26.5,24.7-28.4,26.5,24.7-28.4,65.7,61.5-69.8,11,9.8-12.2,86.5,85.0-87.9,,,unweighted,,,,,,,,,,,,,,,,,,,,,,,,,,,,,,,,,,,,,,,,,,,,,,,,,,,,,,,unweighted,,,,,,,,,,,,,,,,,,,,,,,,,,,,,,,,,,,,,,,,,,,,,,,,,,,,,,
33,NH,33000,Weighted,12.6,10.6-15.1,24.7,21.5-28.2,15.1,12.2-18.6,30.5,26.9-34.3,2.8,1.9-4.3,17.8,15.7-20.1,7.7,6.0-10.0,,,19.1,16.1-22.6,4.3,3.2-5.8,75.4,70.3-79.8,47.1,41.7-52.5,30.6,26.0-35.7,49.6,44.3-54.9,10.2,8.2-12.5,7.4,6.0-9.3,13.1,10.9-15.7,28.2,24.6-32.1,41.5,36.6-46.7,31.1,26.7-35.9,10.1,8.5-12.1,43.6,37.6-49.9,26.4,22.7-30.4,,,9.9,7.8-12.4,,,,,weighted,13,10.5-16.0,21.6,19.3-24.0,16.2,13.8-18.9,26.4,22.9-30.3,5.9,4.7-7.5,14,11.9-16.4,7.1,5.5-9.2,,,20.5,17.4-24.1,6.5,4.8-8.6,73.4,68.9-77.4,44,39.5-48.7,28.4,24.6-32.6,44.4,39.7-49.2,9,7.2-11.2,5.5,4.2-7.1,11.3,9.0-14.0,26.9,24.2-29.8,42.7,38.4-47.2,33,29.0-37.3,9.4,7.6-11.6,35.3,31.3-39.5,24.5,21.8-27.5,,,11.4,9.3-13.8,,,,,weighted,11.7,9.5-14.4,25.4,23.0-28.1,18.1,15.4-21.2,27,24.3-29.9,4.5,3.5-5.8,13.7,12.1-15.5,5.5,4.3-6.9,,,19,16.5-21.7,7.2,5.8-8.8,71.2,67.5-74.6,44.8,41.2-48.5,28.4,25.2-31.9,39.9,36.1-43.9,8.8,7.1-10.8,5.6,4.4-7.1,12.8,11.1-14.7,22.5,20.1-25.1,44.7,40.3-49.2,34.1,30.3-38.0,11.6,9.8-13.8,35.8,31.3-40.5,25.1,22.8-27.5,82.8,78.5-86.3,11.7,9.8-13.8,77.7,75.2-80.0,24.2,21.2-27.4,weighted,12.9,10.5-15.7,23.2,20.3-26.3,,,25.9,22.8-29.2,4.5,3.2-6.3,12.1,10.0-14.4,4.7,3.3-6.6,,,20.8,17.8-24.1,8.4,6.6-10.7,68.5,64.8-72.0,39.3,35.0-43.8,24,20.8-27.5,40.5,36.6-44.6,6.5,5.1-8.3,4.7,3.6-6.0,11.9,9.7-14.5,22.1,19.4-25.1,46.3,42.1-50.5,36.3,32.4-40.3,11.4,9.3-14.0,43.2,48.4-38.1,23,20.5-25.7,76,70.5-80.8,12.4,9.9-15.3,,,22.1,19.8-24.7
34,NJ,34000,Unweighted,,,,,,,,,,,,,,,,,,,,,,,,,,,,,,,,,,,,,,,,,,,,,,,,,,,,,,,weighted,8.4,6.2-11.3,27.5,23.4-31.9,10.5,8.7-12.7,30.7,26.2-35.5,4.4,3.3-6.0,,,,,49,44.6-53.5,19.8,16.9-23.1,,,79.1,76.1-81.8,46.5,40.9-52.1,27.2,21.9-33.2,35.8,30.3-41.7,5.7,3.8-8.5,2.6,1.7-4.1,10.1,8.1-12.5,32.6,29.8-35.5,44.2,37.4-51.2,32.8,27.4-38.6,11.6,7.9-16.8,35.8,30.0-42.1,35.8,30.0-42.1,39.3,28.7-51.1,11.4,8.8-14.8,83.2,80.6-85.4,,,unweighted,,,,,,,,,,,,,,,,,,,,,,,,,,,,,,,,,,,,,,,,,,,,,,,,,,,,,,,weighted,8.2,6.3-10.7,22.9,20.1-26.0,9.6,8.0-11.5,27.5,24.5-30.6,5.2,3.6-7.6,,,,,42.8,38.2-47.6,17,14.4-20.0,,,74.6,71.0-77.9,45.2,40.6-49.9,26.7,23.0-30.7,35.3,30.3-40.7,5.5,4.1-7.2,2.3,1.5-3.5,9.7,8.3-11.5,32.2,29.4-35.2,46.3,40.0-52.7,33.6,29.5-38.0,12.5,9.8-15.9,34.5,39.5-29.8,32.6,26.7-39.0,,,10.3,8.5-12.4,79.9,76.9-82.6,19.9,16.6-23.6
35,NM,35000,Unweighted,,,,,,,,,,,,,,,,,,,,,,,,,,,,,,,,,,,,,,,,,,,,,,,,,,,,,,,weighted,8.4,6.5-10.8,31.5,27.2-36.2,24.5,21.4-27.8,36.7,33.5-40.0,8.6,6.1-12.0,18.5,16.5-20.6,12.5,9.9-15.8,62,54.6-69.0,25.7,22.0-29.8,8.5,6.7-10.8,,,42.3,38.1-46.7,28.6,25.3-32.1,,,,,8.3,5.8-11.7,,,33.5,30.5-36.6,,,32.8,26.3-40.0,13.6,11.1-16.7,28.6,24.5-33.0,28.6,24.5-33.0,75.7,66.3-83.1,12,9.7-14.7,82.2,80.6-83.6,,,weighted,8.9,7.5-10.5,31.2,27.8-34.7,27.5,24.9-30.2,37.1,34.8-39.4,9,7.7-10.5,19.3,17.9-20.7,14.3,12.6-16.3,59.9,53.8-65.7,24.2,20.8-27.9,11.8,10.1-13.7,,,43.2,40.9-45.6,27.4,25.6-29.4,,,11.6,9.9-13.6,7.7,6.6-9.0,,,31.3,28.3-34.4,,,31.5,27.3-36.1,13.8,11.2-16.9,44.8,40.7-49.1,27.9,24.7-31.2,70.2,58.5-79.8,10.9,9.1-13.0,82.1,78.8-84.9,28,24.8-31.5,weighted,8.3,6.8-10.1,26.4,23.8-29.2,27.4,25.4-29.4,37.3,35.0-39.6,7.2,5.6-9.1,15.9,14.0-18.0,9.7,7.7-12.0,58,55.7-60.2,24,21.2-27.0,11.8,9.9-14.0,,,40.5,37.5-43.6,25,22.9-27.3,,,12.8,0.9-15.0,6.3,5.0-7.8,,,30.9,27.7-34.4,,,32.6,29.8-35.7,15.1,12.7-17.8,42.5,45.2-40.0,32.6,29.8-35.5,69.8,59.8-78.3,13.5,11.1-16.3,79.1,75.9-82.0,30.4,27.7-33.1
32,NV,32000,Weighted,,,26.6,24.1-29.2,14.9,12.8-17.1,35,32.0-38.2,8.7,7.3-10.3,18.1,15.9-20.4,8.8,7.4-10.4,57.3,52.7-61.8,19.6,17.4-22.1,3.6,2.6-5.0,75.6,71.6-79.2,43.4,40.5-46.4,27.8,25.3-30.4,46.6,42.4-50.9,10.9,9.3-12.7,12.5,10.7-14.5,14.5,12.6-16.6,34.5,31.9-37.1,46.4,42.5-50.5,32.6,29.4-36.1,19,16.4-21.9,38,33.6-42.5,,,,,,,,,,,weighted,,,26.4,23.6-29.4,18.4,15.9-21.2,34.5,31.1-38.2,9.4,7.6-11.6,16.1,14.2-18.2,8.7,7.4-10.2,52,48.7-55.4,18.3,15.8-21.1,5.9,4.5-7.8,74.1,70.1-77.8,41.4,38.0-44.9,24.8,22.0-27.8,39.3,35.6-43.1,11.1,9.3-13.3,11.7,9.8-14.0,15.3,13.4-17.5,32.6,29.6-35.7,44.1,40.4-47.8,30.8,27.7-34.0,15.2,12.9-17.8,37.6,33.1-42.4,,,,,,,,,,,weighted,,,23.4,20.9-26.1,14.5,12.5-16.8,31.6,28.6-34.7,7,5.4-9.0,14.3,12.7-16.1,8.9,7.3-10.9,44.7,41.7-47.8,13.6,11.4-16.2,4.5,3.4-5.8,71.6,68.8-74.3,37,34.0-40.1,21.1,18.4-24.2,35.3,31.8-38.9,7.8,6.3-9.6,6.3,4.8-8.3,12.9,10.9-15.3,28.8,26.1-31.7,42.8,38.3-47.4,30.5,26.8-34.5,13.1,10.6-16.2,30.9,25.4-37.1,35.1,32.3-38.1,,,11,9.0-13.5,81,78.6-83.2,23.5,21.2-26.0,weighted,9,7.6-10.6,23,20.5-25.8,19.1,17.0-21.4,35,32.2-38.0,7.5,6.2-8.9,18,16.0-20.2,10.2,8.6-12.1,47.5,44.1-51.0,17,14.8-19.6,5.5,4.4-6.9,73.2,70.2-76.0,38.6,35.4-42.0,22,19.5-24.7,39.5,35.9-43.2,7.7,6.3-9.3,5.9,4.8-7.2,12.8,11.2-14.6,35.6,33.0-38.2,49,44.7-53.4,32.7,28.9-36.8,15.7,13.1-18.7,37.1,33.3-41.0,35.1,32.2-38.2,,,11,9.3-13.0,83,80.6-85.0,22.1,19.8-24.5
36,NY,36000,Weighted,11.8,10.4-13.3,21.1,19.7-22.6,13.5,11.6-15.6,32.1,30.5-33.7,5.9,5.2-6.7,14.4,13.3-15.7,6.8,6.1-7.5,51.2,48.6-53.8,20.2,18.0-22.6,4.2,3.0-5.7,74.2,71.7-76.6,44.2,41.2-47.2,25.3,22.8-28.0,37.1,34.1-40.1,6.1,5.4-6.9,4.7,3.9-5.6,10.1,8.9-11.4,23,21.1-24.9,42.4,38.8-46.0,29.7,27.1-32.4,12.7,11.1-14.6,29.6,27.0-32.3,43.6,41.2-46.1,81.5,79.1-83.7,12.9,11.5-14.5,75.7,74.7-77.5,,,weighted,10.6,9.2-12.2,20.2,18.2-22.4,14.3,13.0-15.9,32.1,30.0-34.2,5.3,4.5-6.3,14.4,13.1-15.9,7.1,6.1-8.1,47.3,44.3-50.4,16.2,14.1-18.5,4.2,3.5-5.1,75.9,73.4-78.2,43.4,40.5-46.3,23.9,21.4-26.5,34.7,31.8-37.7,5.1,4.2-6.2,3.3,2.6-4.2,8.6,7.5-9.9,23.7,22.3-25.3,42,38.4-45.6,29.2,26.1-32.5,12.5,10.7-14.6,41.9,38.9-44.9,41.9,38.9-44.9,82.6,79.7-85.1,10.5,9.2-12.0,78.3,76.6-80.0,,,weighted,9.1,7.3-11.3,,,14.2,12.8-15.8,31.7,29.6-33.8,6.5,5.4-7.9,12.1,10.6-13.7,7.6,6.1-9.4,45.4,42.8-48.0,13.8,12.2-15.7,5.1,4.2-6.2,,,43.7,41.0-46.5,24.9,22.4-27.6,35.2,32.6-37.9,7,5.8-8.5,4.4,3.6-5.4,11.9,10.5-13.5,26.6,24.5-28.8,43.6,40.1-47.3,31.1,28.2-34.1,12.5,10.7-14.5,,,35.3,32.3-38.5,86.9,84.9-88.7,10.9,9.9-12.1,,,24,22.1-25.9,weighted,12.8,10.9-15.1,,,13.9,12.1-15.9,29.6,27.3-32.1,6.3,5.4-7.4,13.3,11.8-14.9,7.4,6.3-8.6,37.2,34.1-40.5,14.8,12.8-16.9,7.5,6.0-9.3,,,41.4,38.7-44.2,23.8,21.4-26.3,34.7,31.6-38.0,7.2,5.4-9.5,4.8,3.4-6.6,10.8,9.1-12.9,24,22.0-26.2,42,38.6-45.6,31.5,28.7-34.5,13.4,11.5-15.5,32.4,35.9-29.0,32.7,29.8-35.6,84.6,81.6-87.1,11,9.5-12.8,,,24.5,22.7-26.4
39,OH,39000,Weighted,15.4,11.8-20.0,23.2,20.3-26.5,12.5,9.9-15.8,31.5,25.9-37.7,4.9,3.6-6.6,18.2,15.5-21.2,11.9,10.3-13.7,55.3,48.4-61.9,22.2,18.3-26.7,8,5.1-12.3,75.7,70.5-80.2,42.2,37.3-47.3,26.6,21.6-32.2,37,30.5-44.0,8.4,5.9-11.9,7.5,5.4-10.4,11,8.5-14.2,31.1,27.7-34.8,41.7,35.5-48.2,29.8,24.4-35.9,13,10.2-16.4,40.2,34.2-46.6,32.1,26.9-37.8,68.5,59.5-76.2,13.9,11.8-16.2,,,,,weighted,16.5,13.9-19.6,21.3,17.9-25.0,15.2,12.8-18.0,30.2,26.3-34.4,5.1,4.0-6.5,17.9,15.2-21.0,9.1,7.2-11.4,54.5,49.8-59.1,24.4,20.6-28.8,7.9,5.9-10.6,76.5,72.7-80.0,42.4,38.4-46.5,26.1,22.3-30.2,40.5,36.5-44.7,8.9,7.0-11.3,7.5,5.6-10.0,11.9,9.7-14.5,30.9,27.2-34.9,47.8,41.7-54.0,36.4,31.4-41.8,16.9,13.0-21.8,36.4,31.0-42.3,36.4,31.0-42.3,,,12.7,10.2-15.8,,,,,weighted,14.3,12.1-16.9,22.8,20.7-25.0,16.6,14.0-19.7,30.4,27.3-33.6,3.8,3.0-4.8,13.4,11.3-15.9,7.2,5.8-9.0,51.2,47.2-55.1,21.6,18.3-25.4,9.8,8.2-11.5,76,73.4-78.5,45.7,42.3-49.1,28.8,25.9-31.8,33.8,30.2-37.6,8.3,6.5-10.6,5.9,4.6-7.6,,,26.7,24.3-29.3,44.5,39.7-49.5,35.1,30.9-39.7,14.1,11.6-17.0,39.9,35.5-44.5,32,29.1-35.1,73.8,69.0-78.0,12.4,10.4-14.7,84.5,82.5-86.2,30.3,27.5-33.3,unweighted,,,,,,,,,,,,,,,,,,,,,,,,,,,,,,,,,,,,,,,,,,,,,,,,,,,,,,
40,OK,40000,Weighted,11.1,8.5-14.4,30.6,26.1-35.5,21.8,18.4-25.6,28.4,23.2-34.2,4.1,2.5-6.6,15.4,12.1-19.5,7,4.8-10.2,64.1,58.1-69.7,26.5,22.6-30.9,12.7,10.0-16.0,78.6,74.5-82.1,47.8,44.8-50.7,34,30.6-37.6,42.5,36.6-48.6,9.2,6.5-12.9,9.9,7.8-12.5,9.9,7.7-12.5,22.2,19.7-24.9,50,43.5-56.4,37.2,32.4-42.2,15.6,12.4-19.5,35.7,32.8-38.9,36.7,32.2-41.4,70.2,66.0-74.1,11.1,9.3-13.3,85.7,82.1-88.6,,,weighted,9.5,7.4-12.4,25.8,23.3-28.4,18.9,16.2-21.9,31.1,27.8-34.5,3,2.1-4.2,15.4,12.9-18.3,7.9,6.4-9.6,62.3,59.7-64.8,28.6,25.2-32.2,11,8.5-14.3,76.5,73.3-79.4,40.5,37.3-43.9,26.6,23.7-29.8,39.3,36.5-42.1,8.7,6.6-11.4,7.1,5.5-9.2,12,9.5-15.0,18.4,15.6-21.7,49.3,45.6-53.1,36.3,32.9-39.9,17.8,15.5-20.3,38.8,35.1-42.7,38.8,35.1-42.7,68.7,64.5-72.6,15.2,13.2-17.3,84.1,82.1-85.9,,,weighted,11.2,8.8-14.3,26.8,23.8-30.1,22.3,19.2-25.8,29.2,26.6-32.1,5.1,3.6-7.1,13.9,12.4-15.5,5.9,4.9-7.1,54.8,50.3-59.3,23.2,20.1-26.6,13.7,11.2-16.6,75.6,72.8-78.1,43.1,39.4-46.9,27.9,24.2-32.0,33.2,29.5-37.2,7.3,6.1-8.8,5.5,4.4-6.7,11.7,9.8-14.0,19.1,16.9-21.4,50.9,45.0-56.7,36.5,32.2-41.0,16.6,13.8-19.7,40.4,35.5-45.6,33.3,30.0-36.8,65.7,62.3-68.9,14.7,12.9-16.7,84.3,82.5-85.9,40.7,38.0-43.5,weighted,8.6,6.4-11.5,23.1,20.2-26.3,19,16.2-22.2,30.8,26.7-35.3,4.1,2.9-5.9,14.9,12.2-18.0,7,5.5-8.9,48.8,42.8-54.9,22.6,18.2-27.7,10.5,7.9-13.7,71.4,67.0-75.5,39,35.0-43.1,24,20.2-28.3,31.9,26.6-37.7,7.4,5.6-9.7,4.8,3.2-7.1,12.7,11.2-14.4,16.8,13.9-20.1,51.1,44.9-57.2,39.8,34.3-45.5,17.6,13.9-22.1,43.3,50.0-36.8,29,25.6-32.6,68.6,61.3-75.1,14.1,11.5-17.3,85.2,83.0-87.2,38.1,34.7-41.6
41,OR,41000,Unweighted,,,,,,,,,,,,,,,,,,,,,,,,,,,,,,,,,,,,,,,,,,,,,,,,,,,,,,,unweighted,,,,,,,,,,,,,,,,,,,,,,,,,,,,,,,,,,,,,,,,,,,,,,,,,,,,,,,unweighted,,,,,,,,,,,,,,,,,,,,,,,,,,,,,,,,,,,,,,,,,,,,,,,,,,,,,,,DNP,,,,,,,,,,,,,,,,,,,,,,,,,,,,,,,,,,,,,,,,,,,,,,,,,,,,,,
42,PA,42000,DNP,,,,,,,,,,,,,,,,,,,,,,,,,,,,,,,,,,,,,,,,,,,,,,,,,,,,,,,DNP,,,,,,,,,,,,,,,,,,,,,,,,,,,,,,,,,,,,,,,,,,,,,,,,,,,,,,,DNP,,,,,,,,,,,,,,,,,,,,,,,,,,,,,,,,,,,,,,,,,,,,,,,,,,,,,,,weighted,12.6,10.1-15.7,21.5,19.6-23.6,14.8,12.4-17.7,29.6,26.1-33.3,5.4,4.1-7.0,13.5,12.0-15.1,5.7,4.4-7.4,45.1,41.2-49.1,18.4,15.1-22.3,7.6,5.5-10.3,70.5,66.1-74.5,38.4,34.2-42.8,21.9,18.4-25.8,35,31.2-39.1,5.5,4.2-7.3,3.5,2.7-4.6,10.3,8.6-12.4,16.1,14.0-18.4,48.3,42.1-54.6,36.9,31.8-42.2,15.4,12.2-19.3,35.2,30.9-39.7,30.8,27.4-34.5,79.1,71.7-84.9,11.8,10.4-13.4,79.6,77.1-81.8,25.7,23.1-28.4
44,RI,44000,Weighted,15.6,12.2-19.8,28.2,25.9-30.6,12.3,10.4-14.6,27.6,24.4-31.1,5.8,4.3-7.7,14.1,12.3-16.2,8.3,6.7-10.2,49.7,46.5-52.9,19.3,16.3-22.8,4.6,3.3-6.5,75.5,72.3-78.5,44.5,40.5-48.6,26.8,23.6-30.3,44.2,41.1-47.3,6.2,4.5-8.5,6.9,5.3-8.9,9.6,7.8-11.7,26,23.4-28.7,44.3,39.6-49.1,31.1,26.9-35.6,10.9,8.4-14.1,37,32.0-42.3,31.9,26.7-37.5,78.9,67.3-87.2,9.8,7.4-13.0,71.6,68.6-74.5,,,weighted,12.5,9.8-15.8,28.8,26.2-31.6,12.4,10.6-14.4,28.4,25.7-31.3,5.5,4.1-7.2,14,11.8-16.5,8.4,7.0-10.0,44.7,41.2-48.2,15.9,13.0-19.3,4.2,3.2-5.4,70.3,67.3-73.2,42.7,40.3-45.2,24.5,22.4-26.8,42.6,39.0-46.3,7.7,6.4-9.2,6,4.5-7.8,10.3,8.2-12.9,24.1,21.8-26.5,46.7,42.8-50.6,36.5,33.4-39.7,13,11.2-15.2,34.2,30.4-38.2,36,33.4-38.7,80.2,69.7-87.7,12.9,11.2-14.8,74.6,71.3-77.7,,,weighted,13.7,11.1-16.6,27.5,24.5-30.8,12,10.5-13.6,26.3,23.1-29.8,4.2,3.4-5.1,12.1,10.3-14,9.3,7.8-11.2,43.1,38.6-47.8,15.1,11.7-19.3,6.5,4.7-8.9,70.4,67.4-73.2,42.9,39.3-46.6,23.3,20.5-26.3,40.3,35.8-45.0,5.8,4.3-7.8,,,9.9,8.2-12.0,25.3,22.6-28.1,45.5,41.2-49.9,33.1,30.0-36.4,10.9,8.2-14.4,34,28.9-39.4,27.4,23.3-31.8,76.9,66.7-84.7,10.7,8.7-13.1,81,78.8-83.0,25.2,21.8-29.0,weighted,13.1,10.7-15.8,23.1,21.1-25.4,10.4,9.4-11.5,25.1,23.4-26.9,7.4,5.7-9.7,11.8,10.3-13.6,7.7,6.6-9.0,39.4,35.7-43.2,13.3,10.8-16.3,6.1,4.9-7.7,63.9,59.9-67.7,34,29.9-38.3,18.7,16.3-21.3,39.9,36.5-43.3,5.4,4.3-6.7,,,8.7,6.9-11.0,25.2,22.1-28.5,44.2,39.9-48.7,32.3,28.7-36.1,11.2,9.5-13.2,38.8,43.4-34.3,29.1,24.8-33.7,77.8,62.1-88.2,10.4,8.5-12.6,77.4,74.2-80.3,21.2,19.1-23.4
45,SC,45000,Unweighted,,,,,,,,,,,,,,,,,,,,,,,,,,,,,,,,,,,,,,,,,,,,,,,,,,,,,,,weighted,17.8,15.3-20.7,30,27.0-33.2,20.5,17.7-23.7,31.3,27.9-34.9,5.8,4.2-7.9,14.9,12.1-218.1,11.1,9.1-13.4,63.4,57.1-69.2,23.5,19.6-27.9,10.7,8.2-13.9,71.1,66.7-75.2,43.2,39.8-46.7,23.6,20.4-27.0,38,33.7-42.6,7.6,5.6-10.2,6.4,4.9-8.3,12.2,9.7-15.3,29.1,26.2-32.2,52.3,44.6-59.9,37.5,31.1-44.4,18.8,14.5-24.1,41.4,36.5-46.6,41.4,36.5-46.6,78.2,71.7-83.5,12.7,9.9-16.1,83.8,81.1-86.2,,,weighted,9.7,7.4-12.5,26.3,23.2-29.8,19.8,16.5-23.6,29.1,26.3-32.1,5.8,4.5-7.4,15.1,13.5-16.8,7.5,5.9-9.5,57.6,52.1-62.9,17.8,14.5-21.7,7.9,6.1-10.2,69.7,65.3-73.8,36.8,32.1-41.8,20.1,15.9-25.1,36.6,33.0-40.3,6.5,4.5-9.3,4.6,3.0-7.1,12.6,10.4-15.3,26.6,23.5-30.1,51.5,44.2-58.7,35.9,30.3-41.9,17.7,14.2-21.9,37.6,31.7-44.0,38.6,34.3-43.1,76.9,70.0-82.6,14.4,11.8-17.6,82.9,80.0-85.5,34.3,30.5-38.2,weighted,10.8,8.3-13.9,27.4,24.0-31.0,20.4,16.2-25.5,36.4,32.2-40.8,6.5,4.5-9.4,12.7,10.3-15.6,10.8,8.7-13.3,53.2,47.1-59.3,20.5,17.7-23.6,10.4,7.9-13.6,69.1,63.4-74.2,35.2,29.6-41.2,18.4,15.2-22.1,39,34.8-43.4,5,3.5-7.0,3.2,2.2-4.6,10.6,8.6-13.0,27.6,24.1-31.4,53.4,46.9-59.8,38.6,33.8-43.5,19.7,15.8-24.2,40,46.8-33.7,39.7,34.3-45.5,83.2,77.2-87.9,16.7,12.7-21.6,85.3,82.3-87.8,33.2,29.5-37.2
46,SD,46000,Weighted,20,14.5-26.9,36.3,31.3-41.7,,,27,21.7-33.0,4,2.5-6.4,18.8,15.7-22.2,9.3,7.3-11.8,59.9,51.8-67.4,30,23.8-37.0,15.3,11.0-20.9,75.9,72.3-79.2,50.2,44.8-55.5,38.3,33.2-43.6,36.7,28.1-46.3,7.4,4.9-11.0,7.4,5.3-10.2,11.3,9.4-13.6,22.1,19.6-24.8,41.6,33.8-49.8,30.2,24.1-37.1,11.7,8.0-16.6,38.1,34.8-41.5,28.1,24.3-32.2,83.7,79.4-88.0,9.4,7.4-12.0,82.9,80.4-85.0,,,weighted,19.6,15.8-24.1,32,27.6-36.7,,,26.5,21.0-32.8,3.9,2.2-6.9,19.1,16.3-22.2,11.1,8.7-14.0,61.3,53.1-69.0,28.2,20.9-36.9,12.7,9.9-16.2,76.9,70.5-82.4,46.6,42.2-51.0,34.2,30.3-38.2,36.9,28.6-46.1,,,7.3,5.5-9.6,15.7,10.6-22.5,20.9,16.6-26.1,44.3,37.6-51.1,31.2,27.4-35.4,14.2,10.5-18.9,24.1,21.4-26.9,24.1,21.4-26.9,78.5,67.9-86.3,10.4,8.4-12.9,83.2,80.2-85.7,,,weighted,17,13.2-21.5,24.3,22.1-26.5,,,29.8,25.9-34.1,4,2.5-6.3,18.3,16.1-20.7,8.7,6.9-11.0,24.6,47.3-61.7,24.7,18.4-32.4,11.2,9.1-13.7,76.1,72.3-79.5,44.5,40.8-48.3,30,26.6-33.6,33.9,25.5-43.4,,,5,3.6-6.9,13.7,11.0-17.0,21.1,17.3-25.5,46.5,40.5-52.5,34.4,30.0-39.0,13.8,9.9-18.9,41.7,35.0-48.7,23.8,20.8-27.1,85.5,71.2-89.0,9.1,6.9-12.0,84,81.2-86.4,28.2,25.2-31.5,weighted,18,14.1-22.7,21.8,19.3-24.6,,,27.1,24.4-30.0,2.9,2.1-3.9,17,15.1-19.0,6.7,5.6-8.0,48.8,44.0-53.5,23.2,19.5-27.4,14.6,12.1-17.6,72.7,69.5-75.6,40.1,37.0-43.2,26.3,24.0-28.7,30,26.9-33.3,,,2.7,1.8-4.2,10.4,8.7-12.4,17.7,16.4-19.0,47,42.4-51.7,36.3,31.7-41.1,15.2,12.1-18.9,38.4,44.8-32.4,22.6,19.4-26.2,81,74.7-86.0,9.6,7.8-11.9,85.3,82.1-88.0,28.8,25.5-32.5
47,TN,47000,Weighted,14.4,11.0-18.7,26.6,23.6-29.9,21.3,17.3-25.9,28.3,25.0-31.9,5.9,4.6-7.7,17.5,15.1-20.2,8.9,7.1-11.1,61.8,56.4-66.8,27.6,23.1-32.7,12.1,8.9-16.1,74,69.7-77.9,41.1,37.0-45.4,25.5,21.4-30.1,43.4,37.9-49.2,9.1,7.2-11.5,9.5,7.3-12.3,13.4,11.3-15.8,24.3,20.0-29.3,50.1,43.5-56.7,35.6,30.5-41.0,15.2,12.4-18.6,40.6,34.2-47.4,44.3,39.2-49.4,71.3,59.5-80.7,15.2,13.2-17.5,81.9,79.4-84.2,,,weighted,13.2,11.5-15.2,25.1,22.1-28.5,24.1,21.0-27.5,20.9,27.6-34.4,5.7,4.3-7.4,18.9,17.0-21.1,9.4,7.6-11.4,61.7,56.9-66.3,26.3,22.9-30.0,14,11.6-16.8,74.9,71.9-77.7,41.8,37.9-45.7,24.9,22.1-28.0,41.9,37.7-46.2,8.7,6.8-11.1,5.6,4.2-7.5,12.2,10.6-14.1,26.6,24.2-29.2,54.7,49.0-60.3,38.2,33.0-43.7,17,13.3-21.4,41.4,36.7-46.3,41.4,36.7-46.3,70.3,63.9-76.0,14.6,12.0-17.5,82,79.1-84.7,,,weighted,11.2,9.3-13.5,24.2,21.9-26.7,22.6,19.9-25.7,31.8,28.6-35.1,7.3,5.5-9.7,14.1,11.5-17.0,7.4,5.9-9.4,54.6,50.5-58.6,25.5,21.9-29.5,12.9,10.3-16.1,69.9,66.3-73.3,36.7,32.9-40.8,21.7,18.7-25.2,38.1,34.2-42.2,6.6,5.1-8.5,3.8,2.9-4.8,13.7,11.6-16.0,21.6,19.0-24.6,54.4,49.0-59.8,40.3,35.7-45.0,16.8,13.9-20.2,39.1,33.9-44.6,38.3,34.2-42.6,69.6,61.6-76.6,16.9,15.0-18.9,81.7,79.5-83.8,46.4,43.6-49.3,weighted,9.6,7.5-12.2,22.2,20.1-24.5,20.5,17.3-24.1,32.3,29.6-35.0,5.6,4.4-7.2,13.6,11.5-16.0,7.1,6.1-8.3,50.7,46.4-55.0,20.9,17.2-25.1,12.2,9.3-15.9,67.9,64.0-71.6,33.5,30.1-37.1,19.1,15.7-23.0,37.5,33.9-41.2,5.7,4.5-7.3,3,2.2-4.1,12.2,10.4-14.1,18.8,16.8-21.1,53.4,49.2-57.5,38.8,35.2-42.5,16.6,13.9-19.7,40.5,45.1-36.1,37.7,33.3-42.3,77.1,72.3-81.3,15.8,13.9-18.0,81.9,79.8-83.9,41.3,38.6-44.1
48,TX,48000,Weighted,,,,,,,,,,,,,,,,,,,,,,,,,,,,,,,,,,,,,,,,,,,,,,,,,,,,,,,weighted,6.2,4.9-7.8,37,34.0-40.1,19.3,17.5-21.2,34.2,31.1-37.4,7.7,5.5-10.6,15.9,14.3-17.5,9.4,8.3-10.6,58.5,55.5-61.5,24.2,21.4-27.3,7.6,6.4-9.0,80.2,77.3-82.7,47.3,43.4-51.1,29.6,26.5-32.9,42.2,39.3-45.3,11.9,10.4-13.7,7.3,6.2-8.5,13.2,11.2-15.3,30.7,27.4-34.3,52.5,49.1-55.9,37.6,34.4-40.9,16.3,14.2-18.6,40.5,35.4-45.7,40.5,35.4-45.7,64.3,59.3-69.0,13.9,12.3-15.6,80.6,78.7-82.4,,,weighted,7,5.8-8.6,35.6,32.6-38.7,18.8,17.3-20.3,34.9,32.5-37.4,5.8,4.5-7.4,15.2,14.0-16.3,8.4,7.1-9.9,55.6,52.4-58.7,21.1,18.3-24.2,7.9,6.3-9.9,78.2,75.6-80.6,48.3,44.9-51.8,29,26.1-32.0,37.7,34.6-41.1,12.6,10.7-14.7,6.7,5.4-8.3,12.9,10.8-15.4,26.5,24.7-28.3,52.9,47.8-58.0,38.7,34.2-43.5,17.1,14.5-20.1,43.6,40.6-46.7,38.5,35.3-41.9,59.5,54.0-64.7,15.9,14.0-18.1,82.6,81.1-83.9,37.8,35.4-40.2,weighted,5.7,4.9-6.6,33.5,31.7-35.3,18.2,16.4-20.1,33.3,31.1-35.5,5.1,4.2-6.2,13.7,12.2-15.4,7.4,6.3-8.7,50.3,47.3-53.3,21.2,18.9-23.7,7.4,6.1-8.8,76.2,73.5-78.8,44.8,42.3-47.5,25.6,22.7-28.7,37.4,35.3-39.7,8.5,7.3-9.9,3.7,3.1-4.4,11.9,10.3-13.8,25.9,23.4-28.6,51.6,48.9-54.3,37.7,35.1-40.3,16.5,14.8-18.4,42.3,45.8-38.9,36.3,32.5-40.2,62.6,57.2-67.8,13.6,11.9-15.5,78.7,77.0-80.3,32.8,30.5-35.1
<<<<<<< HEAD:indicators/data/PreGenCSV/YRBS.csv
00,U.S.,0,Weighted,18.2,14.3-22.9,30.2,28.1-32.5,17.1,15.4-19.0,33,31.1-35.1,5.4,4.7-6.3,16.9,16.2-17.6,8.5,7.4-9.6,58.4,55.1-61.6,21.9,19.8-24.2,6.7,5.3-8.5,74.9,72.0-77.7,44.9,42.5-47.4,28.3,26.3-30.4,40.2,37.4-43.1,8.7,7.6-9.9,7.6,6.7-8.7,12.1,10.9-13.4,28.7,24.9-32.8,46.7,44.0-49.4,34.3,32.1-36.5,14.4,12.9-16.1,37,34.5-39.5,38.2,35.3-41.2,71.6,65.3-77.1,12.1,10.8-13.6,78,76.4-79.4,,,weighted,10.2,8.5-12.1,28.5,26.5-30.5,18.5,16.9-20.2,35.9,34.3-37.4,6,4.9-7.4,16.9,15.9-17.8,8.4,7.6-9.3,54.3,51.2-57.3,23,20.7-25.5,8,6.6-9.6,74.3,71.0-77.4,43.3,40.5-46.1,25.5,23.3-27.9,38.4,35.9-41.0,7.6,6.7-8.7,6.2,5.3-7.2,12.4,11.1-13.8,25.4,23.3-27.6,46.8,43.4-50.2,33.9,31.4-36.6,14.3,12.8-15.8,37.2,35.1-39.4,37.2,35.1-39.4,67,61.4-72.2,13.1,12.2-14.0,79.9,78.4-81.4,,,weighted,11.1,8.9-13.8,29.1,27.2-31.2,18,16.3-19.8,35.5,34.0-37.1,5.5,4.7-6.3,14.5,13.4-15.6,6.9,6.3-7.6,50.3,47.2-53.5,20,17.6-22.6,7.9,6.3-9.8,75,72.4-77.4,44.7,42.4-47.0,26,24.0-28.0,38.1,35.5-40.7,7.2,6.2-8.2,4.4,3.7-5.3,13.3,12.1-14.6,22.3,20.3-24.4,47.8,45.1-50.6,35,32.8-37.2,14.9,13.4-16.5,38.5,36.4-40.6,35.4,33.1-37.7,69.7,64.2-74.6,13,11.9-14.1,78.6,76.9-80.2,33.8,31.0-36.8,weighted,9.7,8.2-11.4,28.3,26.7-29.9,17.5,16.1-19.0,31.5,30.1-32.9,5,4.3-5.7,13.8,13.1-14.6,6.3,5.7-7.0,46.3,43.7-48.9,19.5,17.9-21.2,8.9,7.3-10.8,72.5,70.6-74.3,41.8,40.2-43.4,24.2,22.6-25.9,36.8,34.8-38.8,6.4,5.7-7.1,4.1,3.6-4.6,11.7,10.6-12.8,22.7,20.7-24.9,46,42.9-49.2,34.2,31.9-36.5,13.8,12.4-15.4,38.9,36.9-41.0,32.8,30.4-35.3,66.7,60.7-72.3,12,10.9-13.1,77.7,76.3-78.9,29.2,27.2-31.2
=======
0,U.S.,0,Weighted,18.2,14.3-22.9,30.2,28.1-32.5,17.1,15.4-19.0,33,31.1-35.1,5.4,4.7-6.3,16.9,16.2-17.6,8.5,7.4-9.6,58.4,55.1-61.6,21.9,19.8-24.2,6.7,5.3-8.5,74.9,72.0-77.7,44.9,42.5-47.4,28.3,26.3-30.4,40.2,37.4-43.1,8.7,7.6-9.9,7.6,6.7-8.7,12.1,10.9-13.4,28.7,24.9-32.8,46.7,44.0-49.4,34.3,32.1-36.5,14.4,12.9-16.1,37,34.5-39.5,38.2,35.3-41.2,71.6,65.3-77.1,12.1,10.8-13.6,78,76.4-79.4,,,weighted,10.2,8.5-12.1,28.5,26.5-30.5,18.5,16.9-20.2,35.9,34.3-37.4,6,4.9-7.4,16.9,15.9-17.8,8.4,7.6-9.3,54.3,51.2-57.3,23,20.7-25.5,8,6.6-9.6,74.3,71.0-77.4,43.3,40.5-46.1,25.5,23.3-27.9,38.4,35.9-41.0,7.6,6.7-8.7,6.2,5.3-7.2,12.4,11.1-13.8,25.4,23.3-27.6,46.8,43.4-50.2,33.9,31.4-36.6,14.3,12.8-15.8,37.2,35.1-39.4,37.2,35.1-39.4,67,61.4-72.2,13.1,12.2-14.0,79.9,78.4-81.4,,,weighted,11.1,8.9-13.8,29.1,27.2-31.2,18,16.3-19.8,35.5,34.0-37.1,5.5,4.7-6.3,14.5,13.4-15.6,6.9,6.3-7.6,50.3,47.2-53.5,20,17.6-22.6,7.9,6.3-9.8,75,72.4-77.4,44.7,42.4-47.0,26,24.0-28.0,38.1,35.5-40.7,7.2,6.2-8.2,4.4,3.7-5.3,13.3,12.1-14.6,22.3,20.3-24.4,47.8,45.1-50.6,35,32.8-37.2,14.9,13.4-16.5,38.5,36.4-40.6,35.4,33.1-37.7,69.7,64.2-74.6,13,11.9-14.1,78.6,76.9-80.2,33.8,31.0-36.8,weighted,9.7,8.2-11.4,28.3,26.7-29.9,17.5,16.1-19.0,31.5,30.1-32.9,5,4.3-5.7,13.8,13.1-14.6,6.3,5.7-7.0,46.3,43.7-48.9,19.5,17.9-21.2,8.9,7.3-10.8,72.5,70.6-74.3,41.8,40.2-43.4,24.2,22.6-25.9,36.8,34.8-38.8,6.4,5.7-7.1,4.1,3.6-4.6,11.7,10.6-12.8,22.7,20.7-24.9,46,42.9-49.2,34.2,31.9-36.5,13.8,12.4-15.4,38.9,36.9-41.0,32.8,30.4-35.3,66.7,60.7-72.3,12,10.9-13.1,77.7,76.3-78.9,29.2,27.2-31.2
>>>>>>> 1e7fa4236fbb99b7896baa5369a480bd4178f987:indicators/data/PreGenCSV/YRBS.csv
49,UT,49000,Weighted,5.6,4.1-7.5,17.9,15.9-20.1,15.3,12.0-19.2,28.7,23.5-34.5,5.3,3.3-8.2,16.1,12.7-20.1,7.5,4.8-11.5,32.8,27.3-38.7,7.3,5.1-10.5,3.1,2.0-4.8,43.3,36.9-50.0,21.3,17.2-26.0,14.3,11.4-17.8,21.6,17.6-26.2,7.1,5.0-10.1,6,4.6-7.9,14.6,11.3-18.7,24.7,20.8-29.0,,,,,,,,,22.9,18.3-28.3,74.2,66.5-80.6,7,4.8-10.1,79.7,76.1-83.0,,,weighted,5.9,4.5-7.7,13.4,10.7-16.7,17.7,14.5-21.4,25.9,22.4-29.8,5.2,3.7-7.3,16.2,13.9-18.9,8.4,6.7-10.6,25,19.4-31.5,7.4,4.9-11.0,3.7,2.2-6.0,32.9,27.0-39.3,15.8,12.3-20.0,8.8,6.7-11.6,15.5,11.8-20.2,4.1,2.8-6.1,3.6,2.6-5.2,11.8,9.6-14.3,20.6,18.0-23.5,,,,,,,19,16.0-22.4,19,16.0-22.4,77.4,70.6-83.0,5.6,4.1-7.7,80,76.5-83.1,,,weighted,6,4.8-7.4,14.8,12.2-17.9,17.1,14.5-20.0,30.1,26.3-34.3,5.4,4.2-6.8,15.6,12.6-19.1,9.6,8.0-11.6,24.9,20.0-30.5,7.9,5.3-11.7,4.9,2.5-9.5,36.7,31.1-42.7,17,13.5-21.1,11.7,8.3-16.1,17.4,12.4-24.0,6.8,3.7-12.4,6.6,2.8-14.8,12.7,9.3-17.0,23.2,19.8-27.1,,,,,,,,,18.2,16.2-20.5,70.1,56.6-80.9,8.7,5.7-13.2,82.3,80.4-84.0,16.9,14.3-19.8,weighted,7.7,5.8-10.0,13.6,10.2-17.8,16,13.4-19.1,28.2,25.0-31.6,6.5,5.3-7.8,15.3,12.9-18.2,7.2,5.9-8.8,23.5,18.9-28.9,8.5,6.4-11.1,5.5,3.7-8.0,38.6,31.7-46.1,18.2,13.3-24.4,11.5,8.2-15.7,20.6,15.7-26.6,5.6,4.3-7.1,3.9,2.8-5.5,10.4,8.5-12.6,19.7,16.7-23.0,,,,,,,,,16.3,13.5-19.6,78.2,70.2-84.5,6.4,4.8-8.5,81.6,78.3-84.5,14.5,12.3-17.0
51,VA,51000,DNP,,,,,,,,,,,,,,,,,,,,,,,,,,,,,,,,,,,,,,,,,,,,,,,,,,,,,,,DNP,,,,,,,,,,,,,,,,,,,,,,,,,,,,,,,,,,,,,,,,,,,,,,,,,,,,,,,DNP,,,,,,,,,,,,,,,,,,,,,,,,,,,,,,,,,,,,,,,,,,,,,,,,,,,,,,,unweighted,,,,,,,,,,,,,,,,,,,,,,,,,,,,,,,,,,,,,,,,,,,,,,,,,,,,,,
50,VT,50000,Weighted,7.3,5.7-9.3,22.4,20.0-24.9,,,26.9,24.9-29.0,3.9,3.4-4.6,,,7.2,5.9-8.8,,,22.1,20.1-24.2,5.2,3.5-7.6,,,43.5,40.2-46.9,26.4,23.7-29.4,,,,,7.2,6.3-8.2,,,29.4,25.8-33.3,,,30.6,27.5-33.7,11,9.4-12.9,40.3,36.1-44.6,,,85.4,72.8-92.7,10.8,9.0-13.1,73.5,70.1-76.6,,,weighted,8.5,6.2-11.6,22.9,19.4-26.8,,,24.3,21.4-27.5,4.6,3.7-5.7,,,6.2,5.1-7.4,,,17.9,14.0-22.6,7.9,4.4-13.6,,,41.8,38.4-45.2,24.9,21.8-28.4,,,,,5.6,4.4-7.0,,,23.1,19.7-26.8,,,30.9,27.2-35.0,10.6,8.6-12.9,35.3,33.7-37.0,,,87.2,78.6-92.7,9.5,7.4-12.2,76.2,72.6-79.4,,,weighted,8.4,6.6-10.8,23.6,21.7-25.6,,,26,22.9-29.3,3.9,3.0-4.9,,,4.8,3.5-6.5,,,18.2,14.4-22.8,8.6,6.3-11.7,,,42.6,40.3-44.9,26.1,24.2-28.1,,,,,4.7,3.9-5.6,,,22,19.8-24.2,,,31.9,27.9-36.3,11.9,9.9-14.3,37.2,33.5-41.0,,,81.4,73.8-87.2,11.8,8.9-15.5,76.2,72.0-79.9,24.5,20.0-29.6,weighted,8.3,7.2-9.6,23.2,20.9-25.7,,,25.6,24.1-27.2,4.9,3.5-7.0,,,4.3,3.9-4.8,,,17.6,16.0-19.4,9.1,7.5-10.9,,,39,35.6-42.6,23.1,20.5-25.9,,,,,3.8,3.3-4.4,,,21.1,18.5-23.9,,,,,11.4,10.3-12.6,,,,,80.6,71.7-87.1,12.2,10.8-13.8,77.4,75.3-79.4,22.9,21.1-24.7
53,WA,53000,DNP,,,,,,,,,,,,,,,,,,,,,,,,,,,,,,,,,,,,,,,,,,,,,,,,,,,,,,,DNP,,,,,,,,,,,,,,,,,,,,,,,,,,,,,,,,,,,,,,,,,,,,,,,,,,,,,,,DNP,,,,,,,,,,,,,,,,,,,,,,,,,,,,,,,,,,,,,,,,,,,,,,,,,,,,,,,DNP,,,,,,,,,,,,,,,,,,,,,,,,,,,,,,,,,,,,,,,,,,,,,,,,,,,,,,
55,WI,55000,Weighted,15.2,11.7-19.5,29.7,26.5-33.0,13.2,11.6-14.9,31.4,28.1-35.0,5.8,4.5-7.4,19.6,17.4-21.9,8.2,6.9-9.8,54.1,50.7-57.5,23.6,20.9-26.4,7.9,6.4-9.8,,,47.3,43.9-50.6,28.2,25.1-31.5,38.1,34.7-41.7,9.9,8.3-11.8,,,11.7,10.2-13.4,26.3,23.9-28.8,36.8,31.9-42.0,26.5,22.7-30.8,8.9,6.9-11.5,34.8,29.7-40.2,,,,,10.4,9.0-12.0,,,,,weighted,13.1,11.1-15.4,31.2,28.4-34.2,15.8,13.5-18.4,32.6,29.6-35.8,4.6,3.6-5.7,17.8,15.8-20.0,8.8,7.5-10.3,51.5,47.9-55.1,22.8,20.3-25.5,8.4,7.1-10.0,,,49.2,46.1-52.3,31,28.2-34.0,36.9,32.3-41.6,7.8,6.5-9.3,5.9,4.7-7.5,10.6,9.0-12.5,21.7,19.3-24.2,40.3,35.5-45.2,29.5,25.6-33.7,10.4,7.9-13.7,26.1,22.2-30.4,26.1,22.2-30.4,39.8,34.0-45.9,9.9,8.3-11.8,,,,,weighted,13.3,10.6-16.6,31.5,29.3-33.8,12.7,11.2-14.3,31.2,28.3-34.2,6.3,4.4-9.0,15,13.1-17.0,7.3,6.1-8.8,49,45.6-52.3,20.5,18.2-23.0,7.7,6.0-10.0,77.8,75.2-80.2,48.9,45.7-52.1,31.6,28.9-34.4,37.1,33.6-40.7,7.3,6.0-8.8,3.9,3.2-4.7,10.5,9.1-12.1,22.7,20.1-25.6,44.6,40.4-49.0,32.9,29.8-36.1,12.7,10.4-15.4,38.6,34.2-43.1,25.4,21.8-29.5,,,11.1,9.6-12.8,82.1,79.9-84.1,25,22.1-28.2,weighted,14.6,12.6-16.8,24.3,22.1-26.5,10.9,9.3-12.6,25.8,22.8-29.0,3.7,2.9-4.6,13.2,11.6-14.9,5.8,4.6-7.3,43.6,39.5-47.8,16.9,14.4-19.7,8.5,7.2-10.0,74.4,70.6-77.8,41.3,37.6-45.1,25.2,22.1-28.5,34.2,29.9-38.8,5.2,4.2-6.5,3.3,2.6-4.2,9.6,8.0-11.3,20.5,18.4-22.7,40.9,35.5-46.6,29.3,24.8-34.3,9.9,7.1-13.7,36.3,40.2-32.6,23.1,20.1-26.5,56.8,51.8-61.7,9.3,8.0-10.8,80.9,78.8-82.8,23.1,20.6-25.8
54,WV,54000,Weighted,15.2,12.0-19.1,24.3,21.5-27.4,20.7,18.1-23.6,26.5,23.4-29.9,5.9,4.5-7.7,17.8,14.6-21.6,9.3,7.1-12.0,62.8,56.5-68.7,28.5,23.7-33.8,13.6,11.1-16.7,76.1,72.5-79.4,44.4,40.8-48.1,33.5,29.2-38.0,43.7,37.3-50.3,10.9,8.5-13.9,11.3,8.3-15.3,15.1,12.5-18.3,26.5,22.5-30.8,52,45.6-58.3,3.8,33.6-44.4,16.5,11.7-22.8,35.3,28.8-42.3,33.9,28.7-39.6,71.4,60.0-80.6,13.7,10.5-17.7,79.4,75.7-82.5,,,weighted,15.2,12.9-17.7,24.8,21.9-27.9,22.3,19.7-25.3,29.1,25.3-33.3,6.4,4.0-10.0,16.9,14.7-19.3,8.8,6.9-11.2,60.7,55.6-65.5,25.3,22.0-29.0,14.9,13.4-16.6,74.1,70.4-77.5,41.5,38.6-44.5,28.8,25.4-32.4,38.7,33.6-44.2,11.3,9.0-14.0,8.4,6.7-10.3,16,13.9-18.5,24.8,22.0-27.8,52.5,48.2-56.8,39.3,35.8-42.8,14.8,12.5-17.4,38.5,34.7-42.6,38.5,34.7-42.6,68.3,62.3-73.8,14.5,12.4-17.0,77.9,74.7-80.7,,,weighted,16.6,13.3-20.5,23.8,20.2-27.8,21.3,18.3-24.7,29.9,25.2-35.2,6.8,4.8-9.6,16,13.6-18.8,9.1,6.9-11.8,69.3,54.3-64.2,27.6,23.5-32.2,14.8,11.8-18.3,75.4,73.1-77.6,43.5,40.5-46.6,29.5,26.9-32.2,40.9,37.3-44.6,11.1,8.6-14.3,8.1,6.8-9.5,19.2,17.1-21.5,28.6,23.1-34.7,53.7,50.2-57.3,41.4,36.7-46.3,16.5,13.5-20.1,39,35.8-42.3,32,28.3-36.0,74.5,68.8-80.5,14.7,12.5-17.2,80.2,77.7-82.4,45.9,41.1-50.7,weighted,14,11.7-16.6,25.6,23.3-28.1,24.4,22.3-26.7,31.7,27.7-36.0,7.8,6.2-9.8,18,15.4-20.8,10.7,9.0-12.7,55.2,51.1-59.1,21.8,18.8-25.1,14.4,12.1-17.0,73.4,69.7-76.7,40.4,38.1-42.8,27.2,24.7-29.8,38.9,34.5-43.4,8.3,7.0-9.9,6.5,5.1-8.1,15.3,13.0-17.8,28,25.4-30.7,54.1,48.5-59.6,40.3,35.6-45.1,15.5,12.7-18.8,45.6,51.0-40.3,31.5,28.2-34.9,76,69.7-81.3,14.2,12.0-16.8,81.8,78.8-84.4,34.5,30.5-38.7
56,WY,56000,Weighted,18.6,15.2-22.5,32.2,28.7-35.9,24.6,21.7-27.7,31.2,28.8-33.7,5.4,4.2-6.9,21,19.0-23.2,9.1,7.4-11.2,56.1,52.2-59.8,26,22.3-30.1,13.3,11.5-15.2,76.2,72.8-79.3,49,44.7-53.3,34.6,30.4-39.1,39.4,35.0-43.8,10.7,8.6-13.3,11.6,9.2-14.5,14,12.1-16.3,18.1,16.3-20.2,45.8,41.6-50.2,31.8,28.0-35.9,16.1,13.4-19.3,36,31.6-40.7,26.6,24.0-29.4,76.8,72.9-80.3,7.2,5.8-8.9,77.5,74.8-80.0,,,weighted,15.7,13.9-17.7,29.7,27.4-32.2,28,25.7-30.3,30.4,28.3-32.5,6.1,5.1-7.4,17.4,15.7-19.2,8.7,7.5-10.1,56.9,54.2-59.6,22.5,20.6-24.6,14.3,12.3-16.5,77.2,74.5-79.6,45.4,42.5-48.3,32,29.4-34.7,38,35.4-40.6,10.2,8.9-11.7,8.5,7.5-9.7,17.1,15.5-18.7,22.7,20.8-24.7,47.1,44.2-50.1,34.7,32.3-37.3,15.5,13.8-17.4,22.3,20.3-24.4,22.3,20.3-24.4,78.5,75.4-81.3,8.4,7.4-9.7,83.2,81.5-84.8,,,weighted,15.3,13.4-17.4,29.4,27.3-31.6,26.8,24.3-29.4,27.9,25.8-30.2,6.1,5.1-7.3,17.8,15.7-20.0,10.5,9.0-12.3,54.4,51.3-57.6,20.8,18.6-23.3,14.7,13.2-16.4,76.1,73.9-78.2,42.4,40.0-44.8,29.4,26.9-31.9,34.5,32.1-37.0,8.7,7.5-10.0,6,4.9-7.3,16.7,14.7-18.9,24.7,22.7-27.0,47.2,43.8-50.6,33.7,30.6-37.0,14.5,12.6-16.7,36.9,33.1-40.9,20.8,19.0-22.8,78.1,74.0-81.8,9.3,7.9-10.9,82.7,80.9-84.3,27.9,25.3-30.7,weighted,16.5,14.9-18.2,28.9,26.8-31.1,26,24.0-28.1,30.9,28.6-33.3,6.1,5.2-7.1,17.3,15.7-19.1,9.4,8.2-10.7,52.5,49.7-55.2,22.1,20.2-24.2,16.2,14.3-18.3,71.8,69.4-74.2,41.7,39.0-44.4,27.8,25.5-30.2,35,32.6-37.5,8.4,7.2-9.8,4.9,4.1-5.9,15.9,14.3-17.7,23.7,21.9-25.6,50.6,47.7-53.4,37.8,35.2-40.3,17.9,16.1-19.9,38.3,41.8-34.9,22,20.3-23.7,77.3,74.2-80.1,9.8,8.6-11.1,80.9,79.3-82.4,27,25.3-28.8
