Schcode,PCT_Reading_Prof_11_09,PCT_Math_Prof_11_09,PCT_WRITE_Prof_11_09,PCT_RECODE_StuQ1_11,PCT_RECODE_StuQ2_11,PCT_RECODE_StuQ3_11,PCT_RECODE_StuQ4_11,PCT_RECODE_StuQ12_11,PCT_RECODE_StuQ13_11,PCT_RECODE_StuQ14_11,PCT_RECODE_StuQ15_11,PCT_RECODE_StuQ16_11,PCT_RECODE_StuQ17_11,PCT_RECODE_StuQ18_11,PCT_RECODE_StuQ19_11,PCT_RECODE_StuQ20_11,PCT_RECODE_StuQ22_11,PCT_RECODE2_StuQ23_11,PCT_RECODE_StuQ25_11,PCT_RECODE_StuQ26_11,PCT_RECODE_StuQ27_11,PCT_RECODE2_StuQ27_11,PCT_RECODE_StuQ28_11,PCT_RECODE2_StuQ28_11,PCT_RECODE2_StuQ29_11,PCT_RECODE_StuQ30_11,PCT_RECODE2_StuQ30_11,PCT_RECODE3_StuQ30_11,PCT_RECODE4_StuQ30_11,PCT_RECODE_StuQ31_11,PCT_RECODE_StuQ32_11,PCT_RECODE_StuQ33_11,PCT_RECODE_StuQ34_11,PCT_RECODE_StuQ35_11,PCT_RECODE2_StuQ36_11,PCT_StuQ1_11_WNP_Harder,PCT_StuQ1_11_WP_Harder,PCT_StuQ2_11_WNP_LessEffort,PCT_StuQ2_11_WP_LessEffort,PCT_StuQ3_11_WNP_NotEnoughTime,PCT_StuQ3_11_WP_NotEnoughTime,PCT_StuQ4_11_WNP_LessThanDaily,PCT_StuQ4_11_WP_LessThanDaily,PCT_StuQ12_11_RP_Harder,PCT_StuQ12_11_RNP_Harder,PCT_StuQ13_11_RP_LessInteresting,PCT_StuQ13_11_RNP_LessInteresting,PCT_StuQ14_11_RP_LessEffort,PCT_StuQ14_11_RNP_LessEffort,PCT_StuQ15_11_RP_MoreDifficult,PCT_StuQ15_11_RNP_MoreDifficult,PCT_StuQ16_11_RP_NotEnoughTime,PCT_StuQ16_11_RNP_NotEnoughTime,PCT_StuQ17_11_RP_LessThanWeekly,PCT_StuQ17_11_RNP_LessThanWeekly,PCT_StuQ18_11_RP_LessThanWeekly,PCT_StuQ18_11_RNP_LessThanWeekly,PCT_StuQ19_11_RP_InClass,PCT_StuQ19_11_RNP_InClass,PCT_StuQ20_11_RP_LessThanWeekly,PCT_StuQ20_11_RNP_LessThanWeekly,PCT_StuQ22_11_RP_LessThanDaily,PCT_StuQ22_11_RNP_LessThanDaily,PCT_StuQ232_11_RP_AorB,PCT_StuQ232_11_RNP_AorB,PCT_StuQ25_11_MP_PreparedLYr,PCT_StuQ25_11_MNP_PreparedLYr,PCT_StuQ26_11_MP_PreparedTYr,PCT_StuQ26_11_MNP_PreparedTYr,PCT_StuQ27_11_MNP_Harder,PCT_StuQ27_11_MP_Harder,PCT_StuQ28_11_MNP_moreEffort,PCT_StuQ28_11_MP_moreEffort,PCT_StuQ30_11_MNP_LackMK,PCT_StuQ30_11_MP_LackMK,PCT_StuQ302_11_MNP_NEtime,PCT_StuQ302_11_MP_NEtime,PCT_StuQ31_11_MP_MoreThanWeekly,PCT_StuQ31_11_MNP_moreThanWeekly,PCT_StuQ32_11_MP_moreThanWeekly,PCT_StuQ32_11_MNP_moreThanWeekly,PCT_StuQ33_11_MP_moreThanWeekly,PCT_StuQ33_11_MNP_moreThanWeekly,PCT_StuQ34_11_MP_moreThanWeekly,PCT_StuQ34_11_MNP_moreThanWeekly,PCT_StuQ35_11_MNP_atleastDaily,PCT_StuQ35_11_MP_atleastDaily,PCT_StuQ362_11_MP_AorB,PCT_StuQ362_11_MNP_AorB,PCT_TOOKTESTANDSURVEY_11,PCT_MNP_YESSVRY_11_09,PCT_MP_YESSVRY_11_09,PCT_RNP_YESSVRY_11_09,PCT_RP_YESSVRY_11_09,PCT_WNP_YESSVRY_11_09,PCT_WP_YESSVRY_11_09
1106,95.27,65.88,70.95,7.17,23.77,6.42,7.55,12.55,68.08,88.42,9.27,8.75,14.83,29.66,75.10,56.92,57.92,83.59,84.29,81.15,32.95,34.50,22.75,14.90,33.46,52.08,12.08,8.33,27.50,50.00,94.27,92.05,81.82,23.11,69.08,12.33,5.21,11.38,44.90,4.19,12.16,85.33,95.26,10.66,54.55,67.87,72.73,88.71,81.82,8.43,30.00,91.27,90.91,14.29,27.27,29.76,27.27,75.20,72.73,56.63,63.64,94.84,2.88,85.26,45.45,92.00,68.60,90.86,61.18,65.06,17.71,62.77,85.71,69.81,38.06,23.53,3.62,50.57,48.84,96.02,90.70,94.94,86.05,83.71,77.91,37.37,14.55,84.75,36.47,89.53,85.15,91.79,78.57,90.07,84.88,91.43
3109,73.08,23.08,44.71,12.02,8.65,5.38,16.76,13.33,66.30,72.43,12.64,5.41,22.83,37.10,89.25,62.84,55.43,73.51,65.59,53.80,57.92,15.30,18.03,31.69,25.41,68.57,5.14,6.29,20.00,56.76,89.19,82.70,73.91,24.59,73.37,16.00,7.23,10.47,7.07,8.89,2.08,86.46,79.78,10.61,20.83,68.66,60.00,73.33,70.00,9.09,22.00,96.30,90.00,17.78,36.73,34.81,43.14,92.59,80.39,62.41,64.00,76.29,32.18,76.12,66.67,92.68,57.93,92.68,42.66,70.63,12.50,95.04,56.45,31.67,87.83,2.16,16.67,36.59,62.50,100.00,86.11,85.37,81.94,80.49,72.03,5.50,52.70,92.68,67.83,89.42,90.63,85.42,91.07,88.82,88.70,90.32
4108,55.61,8.02,34.41,28.79,3.55,15.66,33.68,36.51,46.63,37.50,33.51,19.39,16.75,26.77,84.77,39.70,37.19,66.16,59.69,39.90,67.36,7.77,11.92,64.25,25.63,52.60,6.77,8.85,31.77,73.85,85.13,66.67,81.12,54.31,55.05,34.17,18.75,7.35,0.87,29.27,5.88,80.90,48.89,22.45,56.41,44.55,49.37,38.00,34.18,23.08,50.00,83.33,75.31,6.86,30.49,25.96,30.86,88.24,80.49,32.69,45.12,41.46,32.69,66.35,67.90,80.00,57.74,40.00,40.00,69.70,46.67,98.03,42.86,7.14,92.63, ,48.00,100.00,71.26,93.33,83.83,86.67,63.53,73.33,80.95,5.19,89.72,86.67,52.94,99.47,99.42,100.00,98.80,100.00,99.18,100.00
6119,74.58,26.86,64.66,13.33,5.94,11.60,17.01,20.42,69.59,69.29,14.51,16.41,15.03,37.73,73.83,54.26,44.85,79.48,75.00,73.68,57.96,11.75,17.11,35.00,27.30,54.21,6.74,10.39,28.65,54.29,80.89,84.64,73.04,33.60,65.88,18.12,10.36,5.10,6.87,8.13,17.02,74.66,88.38,17.25,29.59,68.29,73.27,69.72,68.04,11.89,22.00,82.23,87.38,10.14,29.00,34.39,47.06,77.03,65.05,50.70,64.36,70.06,23.70,86.67,59.00,90.20,69.50,89.00,68.21,67.26,32.35,96.51,62.25,27.78,76.29,3.11,16.16,51.96,55.12,90.20,77.50,92.08,81.98,66.00,75.53,11.62,57.38,82.18,60.00,93.53,93.77,92.86,97.17,92.28,93.88,93.31
7113,73.29,18.69,48.37,11.86,5.13,9.29,12.62,9.39,60.39,64.71,10.16,9.68,8.44,22.15,86.41,52.27,61.36,62.78,51.13,50.81,62.42,10.46,14.94,44.16,20.20,54.61,18.43,3.75,23.21,38.69,95.41,74.18,73.51,32.45,52.65,14.10,9.68,6.83,3.33,10.56,7.33,89.73,85.19,6.01,19.74,61.37,57.33,66.96,57.89,6.93,20.27,90.17,90.79,6.47,14.47,19.83,29.33,87.98,81.58,46.55,69.74,78.39,30.28,66.81,50.65,93.44,40.73,96.72,39.52,73.88,16.39,97.63,57.73,17.50,80.35,9.29,49.25,18.03,43.85,98.36,94.67,93.44,69.39,70.49,74.27,4.97,63.83,70.49,48.13,92.33,91.97,96.83,87.78,94.74,90.23,95.09
7126,80.39,29.37,58.35,17.79,6.74,3.79,16.89,17.58,65.14,74.93,11.17,6.47,14.09,27.17,74.80,50.41,69.11,75.75,59.78,55.86,58.29,13.26,12.98,36.46,21.92,67.62,4.87,6.30,21.20,32.69,96.16,75.34,72.21,29.56,60.33,23.49,13.96,7.36,5.71,4.41,2.82,78.91,85.91,15.44,27.27,64.57,67.65,73.67,80.60,7.67,26.87,94.70,88.41,11.96,23.53,27.67,25.00,74.67,75.36,47.99,60.87,88.80,32.03,79.67,58.21,94.02,43.82,90.52,39.84,67.89,37.93,94.25,75.00,47.45,80.66,3.69,7.62,19.83,38.71,100.00,94.38,80.17,73.09,72.17,72.22,11.05,48.07,83.62,49.39,90.07,87.63,96.69,85.19,91.27,87.21,92.12
7135,46.15,1.92,42.31,15.00,7.69,5.00,20.00,15.79,76.92,77.50,17.95,7.50,62.50,62.50,70.00,69.23,60.00,84.62,17.50,20.00,74.36,2.56,30.00,37.50,20.00,52.50,7.50,7.50,32.50,27.50,52.50,72.50,47.50,37.50,57.89,17.39,6.25,6.67,8.70,11.11, ,82.61,75.00,10.00,23.53,70.00,83.33,80.00,73.68,5.00,33.33,100.00,84.21,70.00,57.89,70.00,57.89,75.00,63.16,47.37,89.47,59.09,58.82,90.00,78.95, ,15.79, ,18.42,75.68, ,100.00,7.69,5.00,100.00, ,75.00, ,28.95, ,52.63, ,76.32, ,50.00, ,93.75,100.00,55.56,75.00,74.51,100.00,67.86,83.33,76.67,72.73
7301, , , , , , , , , , , , , , , , , , , , , , , , , , , , , , , , , , , , , , , , , , , , , , , , , , , , , , , , , , , , , , , , , , , , , , , , , , , , , , , , , , , , , , , , , , , , , , , , 
7304, , , , , , , , , , , , , , , , , , , , , , , , , , , , , , , , , , , , , , , , , , , , , , , , , , , , , , , , , , , , , , , , , , , , , , , , , , , , , , , , , , , , , , , , , , , , , , , , 
7327,0.00,0.00,0.00, , , , , , , , , , , , , , , , , , , , , , , , , , , , , , , , , , , , , , , , , , , , , , , , , , , , , , , , , , , , , , , , , , , , , , , , , , , , , , , , , , , , , , ,0.00, , , , , , 
7702,28.57,0.00,0.00, , , , , , , , , , , , , , , , , , , , , , , , , , , , , , , , , , , , , , , , , , , , , , , , , , , , , , , , , , , , , , , , , , , , , , , , , , , , , , , , , , , , , , ,0.00, , , , , , 
8114,82.57,34.32,56.25,13.65,8.31,5.04,6.67,12.39,57.96,77.11,9.12,8.06,15.77,46.53,88.29,51.64,65.77,73.80,85.33,79.88,62.31,13.98,10.24,40.96,38.21,69.42,5.50,5.20,19.88,61.38,94.63,93.43,73.35,25.61,65.77,21.32,7.65,4.79,11.81,4.08,5.88,91.67,94.82,10.14,23.64,56.63,64.81,78.06,72.22,8.66,11.54,91.81,92.59,12.77,31.48,46.21,48.15,90.32,77.78,51.79,50.91,90.73,26.72,76.16,60.78,94.92,80.09,94.12,71.96,78.77,32.48,93.24,84.00,54.76,78.61,5.02,6.48,63.87,60.00,95.76,94.01,98.32,90.74,70.34,75.00,10.13,40.00,83.19,56.22,90.11,88.98,92.97,84.62,91.56,84.47,94.69
8120,16.67,0.00,0.00,33.33,14.29,14.29,33.33,28.57,85.71,71.43,0.00,0.00,42.86,85.71,57.14,42.86,85.71,85.71,14.29,42.86,57.14,0.00,28.57,28.57,28.57,42.86,0.00,28.57,28.57,42.86,14.29,42.86,28.57,33.33,57.14,25.00, , , ,100.00, ,100.00, , ,40.00,100.00,80.00,100.00,60.00, , ,100.00,100.00,100.00,20.00,100.00,80.00, ,80.00, ,40.00,50.00,100.00,100.00,80.00, ,16.67, ,50.00,50.00, ,100.00, , ,100.00, , , ,50.00, ,16.67, ,50.00, ,16.67, ,100.00, ,50.00,100.00,100.00, ,100.00,100.00,100.00, 
9106,92.93,71.20,82.61,6.40,23.26,4.65,11.76,8.43,70.83,89.76,5.36,11.76,12.94,27.22,76.19,62.13,44.12,84.52,88.17,82.94,37.28,28.40,15.98,16.57,24.85,62.00,7.33,8.67,22.00,47.34,91.72,65.09,82.84,25.60,77.98,10.71,5.56,5.93,61.11,0.72,20.59,59.52,97.66,7.14,25.00,71.34,63.64,89.68,90.91,4.49,16.67,87.97,91.67,11.39,33.33,24.84,58.33,76.92,66.67,62.42,58.33,90.91,5.38,89.10,25.00,92.68,76.09,90.32,63.04,73.91,23.58,69.39,90.00,85.07,43.37,16.98,2.06,46.34,50.00,90.24,95.65,57.72,84.78,81.45,86.67,47.62,12.38,88.52,50.00,92.39,86.79,94.66,92.31,92.40,87.50,93.42
10112,61.81,13.70,44.34,21.88,9.40,6.88,30.57,20.45,64.65,69.33,18.85,12.81,31.11,37.78,80.25,64.95,47.60,77.60,56.59,43.59,66.02,9.39,20.86,37.75,32.37,57.57,7.89,6.25,28.29,34.41,82.75,82.17,73.40,35.69,64.86,28.11,12.98,14.18,5.75,10.22,4.47,74.58,63.16,15.14,28.69,67.02,60.80,74.59,61.42,12.83,28.00,91.05,81.40,27.66,36.51,34.92,42.40,82.45,76.80,66.67,62.10,57.59,37.01,82.80,69.42,88.57,52.36,72.97,39.78,70.59,33.33,98.13,32.95,13.08,91.33,2.68,40.48,25.00,35.64,97.22,81.16,86.49,81.52,80.56,72.36,4.44,78.46,83.33,62.32,76.01,78.55,64.91,80.63,73.36,80.09,71.20
10302,9.09,0.00,0.00,70.00,10.00,10.00,30.00,70.00,60.00,70.00,44.44,30.00,77.78,80.00,100.00,66.67,100.00,66.67,11.11,0.00,77.78,11.11,37.50,37.50,44.44,55.56,22.22,22.22,0.00,33.33,33.33,55.56,77.78,11.11,55.56,70.00, ,100.00, ,100.00, ,100.00, ,100.00,66.67,100.00,55.56,100.00,66.67,100.00,37.50,100.00,66.67,100.00,75.00,100.00,77.78,100.00,100.00,100.00,62.50,100.00,100.00,100.00,62.50, ,11.11, , ,77.78, ,100.00, , ,100.00, ,100.00, ,33.33, ,33.33, ,55.56, ,77.78, ,100.00, ,55.56,83.33,83.33, ,90.00,100.00,83.33, 
10305, , , , , , , , , , , , , , , , , , , , , , , , , , , , , , , , , , , , , , , , , , , , , , , , , , , , , , , , , , , , , , , , , , , , , , , , , , , , , , , , , , , , , , , , , , , , , , , , 
10311,0.00,0.00,0.00, , , , , , , , , , , , , , , , , , , , , , , , , , , , , , , , , , , , , , , , , , , , , , , , , , , , , , , , , , , , , , , , , , , , , , , , , , , , , , , , , , , , , , ,0.00, , , , , , 
13301,66.67,0.00,33.33,100.00,0.00,0.00,0.00,0.00,50.00,50.00,50.00,0.00,100.00,0.00,50.00,50.00,100.00,100.00,50.00,0.00,100.00,0.00,0.00,50.00,100.00,50.00,0.00,50.00,0.00,100.00,50.00,100.00,50.00,50.00,50.00,100.00,100.00, , , , ,100.00,100.00, , , ,100.00, ,100.00, ,100.00,100.00, ,100.00,100.00, , , ,100.00, ,100.00,100.00,100.00,100.00, , ,50.00, , ,100.00, ,100.00, , ,100.00, , , ,100.00, ,50.00, ,100.00, ,50.00, ,100.00, ,50.00,66.67,66.67, ,100.00,50.00,50.00,100.00
16112,63.01,18.26,51.14,15.02,11.27,8.45,16.99,16.35,63.68,76.30,14.22,12.15,24.88,32.08,70.42,51.20,41.43,72.17,70.09,67.29,64.59,8.61,15.38,42.79,33.01,62.86,3.33,7.62,26.19,34.13,90.19,85.92,69.86,31.73,64.45,22.55,8.18,13.45,8.60,3.96,12.61,86.90,80.17,14.71,18.31,67.41,56.58,78.68,71.62,10.37,21.33,90.37,83.33,20.90,31.08,29.85,36.36,67.65,75.00,49.62,53.33,56.70,28.57,76.69,65.38,92.50,64.74,92.50,61.27,66.67,55.00,95.30,56.90,27.38,87.20,1.78,10.00,43.59,31.55,90.00,90.75,87.50,85.47,64.10,71.01,2.73,64.95,82.50,60.00,97.72,97.21,100.00,96.30,98.55,96.26,99.11
17110,83.97,52.30,70.17,15.65,4.80,9.57,15.35,17.70,59.21,70.48,10.62,11.35,10.96,15.42,82.30,56.89,45.37,70.22,83.63,76.55,63.23,11.66,5.83,48.43,32.74,59.52,10.48,8.57,21.43,77.68,91.96,95.02,84.00,34.67,72.65,23.88,11.80,3.13,8.96,4.55,18.92,71.05,92.00,14.36,31.43,56.84,74.29,72.49,62.86,7.94,22.86,90.05,82.86,5.76,38.24,11.05,41.18,83.60,76.47,54.79,67.65,84.16,14.63,73.54,51.52,92.44,73.58,90.76,61.32,81.90,46.15,94.23,94.07,60.00,58.65,12.15,8.82,83.90,71.43,94.92,88.57,95.76,95.10,83.19,85.71,32.53,35.46,89.74,54.29,95.82,95.61,96.00,92.11,96.48,94.37,96.41
17336,0.00,0.00,0.00,0.00,0.00,0.00,0.00,0.00,0.00,0.00,0.00,0.00,100.00,0.00,100.00,0.00,100.00,100.00,100.00,100.00,0.00,0.00,0.00,0.00,0.00,100.00,0.00,0.00,0.00,100.00,100.00,0.00,100.00,100.00,100.00, , , , , , ,100.00, , , , , , , , , , ,100.00, ,100.00, , , ,100.00, , , ,100.00, ,100.00, ,100.00, ,100.00, , ,100.00, , ,100.00, , , ,100.00, ,100.00, , , ,100.00, ,100.00, ,100.00,100.00,100.00, ,100.00, ,100.00, 
17701,85.47,27.33,50.00,25.75,2.38,12.73,6.71,27.95,62.96,48.17,18.29,20.73,34.76,51.83,60.24,52.73,56.02,60.37,27.71,25.00,74.10,7.23,6.06,69.70,34.34,73.78,5.49,4.88,15.85,23.35,89.22,91.62,73.65,28.92,53.94,20.73,30.59,4.49, ,12.94,12.50,91.46,95.12,26.09,39.13,63.77,58.33,47.14,54.17,17.86,20.83,80.71,70.83,34.29,37.50,52.52,48.00,60.99,56.00,51.06,62.50,84.69,14.71,63.31,44.00,63.04,14.17,56.52,13.11,80.83,56.52,97.39,86.00,51.79,85.19,2.59,12.50,34.78,19.01,93.33,87.70,89.13,92.56,76.09,72.73,11.70,51.39,71.74,47.06,97.67,97.60,97.87,100.00,97.28,96.51,98.84
19111,76.09,47.10,61.59, , , , , , , , , , , , , , , , , , , , , , , , , , , , , , , , , , , , , , , , , , , , , , , , , , , , , , , , , , , , , , , , , , , , , , , , , , , , , , , , , , , , , , ,0.00, , , , , , 
19333,0.00,0.00,0.00, , , , , , , , , , , , , , , , , , , , , , , , , , , , , , , , , , , , , , , , , , , , , , , , , , , , , , , , , , , , , , , , , , , , , , , , , , , , , , , , , , , , , , ,0.00, , , , , , 
20104,92.98,53.98,62.28,20.48,7.14,10.71,14.46,24.39,65.85,68.29,15.85,21.43,13.41,20.24,77.38,61.45,65.48,76.83,84.88,84.88,61.90,9.52,6.10,47.56,33.33,61.25,6.25,6.25,26.25,24.10,90.48,91.57,81.93,24.10,66.67,24.14,18.52,5.45,10.34,4.00,20.59,79.31,88.89,23.75,50.00,65.00,100.00,67.50,100.00,15.00,50.00,79.27,50.00,13.75, ,20.73, ,76.83,100.00,60.49,100.00,96.49, ,76.25,100.00,89.80,78.38,91.84,75.68,77.78,50.00,91.18,95.83,67.44,54.05,6.06,6.38,16.33,35.29,91.84,88.57,93.88,88.24,77.55,88.24,28.57,20.83,72.34,58.82,75.44,71.15,80.33,25.00,79.25,69.77,78.87
20332,25.00,0.00,0.00,66.67,11.11,5.88,38.89,35.29,38.89,55.56,22.22,16.67,11.11,11.11,100.00,33.33,22.22,77.78,27.78,16.67,83.33,5.56,16.67,50.00,11.11,58.82,5.88,11.76,23.53,50.00,82.35,58.82,94.12,61.11,64.71,50.00, , , , , ,100.00, , ,66.67,100.00,33.33,100.00,66.67, , ,100.00,33.33, ,33.33, , ,100.00,100.00, , , ,50.00, ,100.00, ,25.00, ,25.00,50.00, ,100.00, , ,100.00, , , ,50.00, ,75.00, ,33.33, ,100.00, ,100.00, ,50.00,100.00,100.00, ,100.00,100.00,100.00, 
21111,82.61,31.90,58.39,21.43,2.86,10.00,8.70,26.87,59.42,55.88,20.59,25.71,13.04,28.57,61.19,40.30,47.83,66.67,71.01,62.32,46.27,14.93,10.77,52.31,35.82,57.58,4.55,7.58,30.30,66.18,89.71,86.36,80.88,58.82,52.94,25.00,19.57, ,7.69,8.51,13.04,87.50,93.33,23.73,50.00,62.30,37.50,56.67,50.00,16.67,50.00,72.58,87.50,14.75, ,27.42,37.50,57.63,87.50,42.37,25.00,90.32,13.16,68.85,50.00,80.77,65.12,73.08,55.81,47.62,44.00,94.59,82.14,40.91,65.91,4.65,4.35,68.00,65.12,92.00,88.37,95.65,81.40,96.00,72.09,45.95,74.19,72.00,41.86,42.94,38.74,51.92,28.57,46.62,35.82,48.94
22101,87.50,50.00,87.50,12.50,12.50,12.50,0.00,50.00,37.50,62.50,37.50,25.00,0.00,0.00,100.00,50.00,75.00,75.00,87.50,87.50,75.00,0.00,0.00,50.00,37.50,75.00,0.00,0.00,25.00,0.00,100.00,100.00,37.50,0.00,100.00, ,14.29, ,50.00, ,50.00,100.00,100.00,42.86,100.00,28.57,100.00,57.14,100.00,28.57,100.00,85.71, , , , , ,100.00,100.00,42.86,100.00,100.00,33.33,85.71, ,100.00,75.00,75.00,100.00,75.00,75.00,100.00,100.00,66.67,100.00, , , , ,100.00,100.00,100.00,100.00,25.00,50.00, , ,100.00,100.00,100.00,100.00,100.00,100.00,100.00,100.00,100.00
23108,84.73,42.89,65.06,10.50,16.05,13.93,13.58,10.26,67.23,84.62,7.39,13.75,9.28,21.85,81.86,49.37,46.64,73.11,75.42,69.17,53.68,16.02,21.79,23.08,25.94,63.72,7.52,6.19,22.57,27.66,95.34,76.69,72.03,17.95,61.80,12.37,9.35,13.89,19.59,9.49,19.05,81.37,89.93,7.98,20.00,70.62,53.49,87.89,72.09,5.38,16.28,86.08,86.67,8.81,11.63,22.68,18.60,82.72,77.78,50.52,45.45,80.18,17.46,82.29,35.56,92.31,65.54,91.21,56.08,63.83,37.08,90.99,66.39,48.31,73.53,6.71,9.21,20.22,31.72,100.00,92.31,86.81,70.83,71.43,72.22,8.13,28.18,78.65,51.05,57.76,62.87,52.25,70.31,55.49,67.59,52.96
24105,76.83,21.63,66.40,16.09,3.48,6.93,12.17,16.44,70.48,69.60,14.80,8.33,22.57,34.51,70.27,61.78,33.33,80.27,63.39,52.94,71.82,8.18,12.50,41.67,25.11,59.91,15.09,4.25,20.75,44.81,94.42,80.93,75.36,24.88,68.37,23.38,12.42,2.61,5.19,6.88,7.04,81.01,91.39,14.12,25.00,71.19,68.00,72.73,58.82,13.71,18.75,96.59,75.00,18.75,36.00,32.57,41.18,70.11,70.83,60.69,65.38,64.29,14.89,82.76,71.43,96.00,54.02,90.00,42.11,78.95,46.94,97.95,65.71,20.00,77.55,8.13,36.54,26.09,50.00,95.65,94.08,84.78,79.88,86.96,72.12,6.15,54.22,86.96,63.31,93.52,93.75,96.23,91.23,94.71,93.98,93.29
25108,72.26,39.42,55.15,13.39,20.31,4.69,20.47,13.11,66.14,88.98,12.20,6.30,15.20,10.48,92.06,52.80,62.99,82.68,65.87,64.80,44.80,20.80,36.29,15.32,22.40,54.40,5.60,10.40,29.60,45.97,96.83,96.03,75.40,36.22,65.08,16.98,9.59,17.81,24.07,2.82,7.14,78.00,81.58,3.23,42.86,60.64,84.38,91.49,81.25,5.38,31.03,94.68,90.63,9.57,33.33,7.45,20.69,94.68,83.87,49.46,64.52,83.33,37.04,88.30,68.75,93.75,49.35,93.75,47.37,64.47,12.50,73.44,52.54,41.67,67.19,2.67,10.20,31.25,54.67,100.00,94.81,97.92,94.81,66.67,80.52,22.03,47.76,83.33,53.25,92.70,95.18,88.89,86.84,94.95,88.52,97.33
26105,64.46,14.52,50.83,13.93,5.71,14.29,16.60,13.19,56.20,60.17,16.03,14.81,26.25,37.76,83.06,62.29,44.54,69.71,64.46,42.15,61.51,7.95,13.30,52.79,24.58,57.63,17.37,4.66,20.34,33.05,87.97,85.48,70.00,36.82,62.24,16.22,10.71,7.69,3.77,16.67,12.50,83.96,82.46,9.42,21.05,52.45,62.34,57.64,61.84,15.28,16.44,87.59,84.42,19.01,38.16,34.27,41.56,84.62,81.82,53.62,73.68,59.63,27.10,75.35,63.64,94.12,60.75,82.35,34.41,70.11,18.18,98.73,53.57,15.73,87.40,4.82,56.00,8.82,37.16,91.18,86.49,85.29,85.95,66.67,70.27,5.83,72.16,64.71,62.70,92.56,92.23,97.14,89.53,94.23,93.28,91.87
26109,93.75,50.00,81.25,12.50,0.00,0.00,40.00,0.00,56.25,50.00,0.00,0.00,31.25,12.50,100.00,26.67,56.25,75.00,100.00,93.75,26.67,13.33,0.00,60.00,31.25,66.67,6.67,6.67,20.00,56.25,100.00,93.75,100.00,50.00,81.25, ,15.38, , , , ,28.57,87.50, , ,60.00, ,53.33, , , ,100.00,100.00,33.33, ,13.33, ,100.00,100.00,28.57, ,100.00,12.50,80.00, ,100.00,100.00,100.00,87.50,28.57,25.00,100.00,100.00,66.67,66.67,11.11, ,50.00,62.50,100.00,100.00,87.50,100.00,100.00,100.00,50.00,50.00,100.00,62.50,100.00,100.00,100.00,100.00,100.00,100.00,100.00
26118,64.22,9.13,42.13,31.00,2.99,19.00,23.32,27.41,45.69,38.97,28.57,16.08,25.13,28.43,75.00,41.15,42.49,75.68,36.65,25.79,71.28,6.91,3.68,76.84,33.69,58.70,3.80,8.70,28.80,47.57,88.83,84.95,79.79,50.54,65.41,40.00,22.08,7.14, ,24.14,12.63,86.05,68.54,23.48,32.31,46.96,42.19,36.52,39.68,25.22,36.51,82.05,84.38,24.79,24.59,32.76,21.88,73.28,77.78,39.82,43.55,57.83,27.96,73.21,83.93,62.50,31.65,60.00,22.15,76.28,37.50,100.00,72.73,8.45,93.81,0.66,35.29,53.33,46.41,86.67,89.74,93.33,84.52,100.00,78.21,10.34,92.68,86.67,65.36,83.26,84.42,80.00,83.33,83.57,83.20,84.62
26333,0.00,0.00,0.00, , , , , , , , , , , , , , , , , , , , , , , , , , , , , , , , , , , , , , , , , , , , , , , , , , , , , , , , , , , , , , , , , , , , , , , , , , , , , , , , , , , , , , ,0.00, , , , , , 
26336, , , , , , , , , , , , , , , , , , , , , , , , , , , , , , , , , , , , , , , , , , , , , , , , , , , , , , , , , , , , , , , , , , , , , , , , , , , , , , , , , , , , , , , , , , , , , , , , 
26602,77.50,2.50,65.00,18.42,0.00,13.16,47.37,33.33,74.29,67.57,18.92,16.22,8.11,13.51,75.00,55.88,13.51,86.84,78.95,71.05,72.97,10.81,15.79,31.58,18.42,48.65,16.22,2.70,32.43,68.42,94.74,81.58,89.19,33.33,75.68,28.57,12.50, , ,12.00,15.38,38.89,65.00,29.63,44.44,74.07,75.00,67.86,66.67,7.14,55.56,85.71,77.78,10.71, ,3.57,44.44,74.07,77.78,46.15,87.50,33.33,4.00,86.21,88.89,100.00,78.38,100.00,70.27,72.22,100.00,100.00,14.29, ,94.74,3.13,100.00,100.00,67.57,100.00,94.59,100.00,81.08,100.00,88.89, ,92.31,100.00,75.00,95.00,94.87,100.00,100.00,93.55,100.00,92.31
27106,87.66,57.87,67.23,6.10,15.02,2.82,12.26,12.26,56.07,89.25,7.94,2.80,2.36,7.51,80.75,51.42,54.21,76.53,89.81,88.26,32.39,27.23,12.62,20.09,28.50,63.05,11.82,4.93,20.20,53.52,95.33,93.46,85.98,32.55,80.75,13.43,2.74,8.70,26.67,2.05,4.48,78.08,92.81,8.51,41.67,56.08,56.00,89.95,84.00,5.29,28.00,98.41,88.00,1.06,12.50,6.35,16.67,80.32,84.00,49.73,64.00,89.57,13.13,80.85,44.00,97.39,80.22,96.75,76.67,49.45,19.67,90.00,85.82,71.11,56.64,18.27,5.05,46.72,62.64,98.37,91.21,97.56,87.91,83.74,89.01,36.59,30.00,95.93,60.00,91.06,91.92,90.44,86.21,91.75,88.31,92.41
27302,0.00,0.00,0.00,50.00,25.00,0.00,50.00,50.00,66.67,75.00,0.00,75.00,75.00,50.00,50.00,50.00,50.00,75.00,75.00,0.00,50.00,25.00,50.00,25.00,0.00,75.00,0.00,25.00,0.00,25.00,75.00,25.00,0.00,25.00,75.00,66.67, ,100.00, , , ,100.00, , ,33.33, ,50.00, ,66.67, , , , , ,66.67, ,33.33, ,66.67, ,66.67, ,100.00, ,66.67, , , , , , , , , , , , , , , , , , , , , , , , ,50.00, , ,50.00, ,60.00, 
28111,15.38,0.00,0.00,90.91,9.09,25.00,27.27,75.00,20.00,33.33,41.67,50.00,18.18,50.00,83.33,50.00,50.00,63.64,33.33,16.67,55.56,11.11,0.00,70.00,0.00,66.67,0.00,25.00,8.33,75.00,83.33,36.36,66.67,90.91,70.00,90.91, ,100.00, ,100.00, ,100.00, ,100.00,66.67,50.00,12.50, ,40.00,50.00,40.00,100.00,40.00, ,22.22,50.00,50.00,50.00,90.00,100.00,44.44,16.67,83.33,100.00,55.56, ,33.33, ,16.67,55.56, ,100.00, , ,100.00, , , ,75.00, ,83.33, ,36.36, ,66.67, ,100.00, ,70.00,92.31,100.00, ,90.91,100.00,100.00, 
28113,40.00,1.55,19.38,20.00,3.75,16.25,29.49,22.37,60.26,55.13,14.10,19.23,32.91,38.46,82.89,48.68,44.00,64.00,75.34,69.44,78.87,2.82,20.00,57.14,21.13,53.52,5.63,5.63,35.21,64.38,82.19,50.70,74.65,44.93,28.57,23.73,10.00,13.04, ,37.04,5.77,94.87,44.74,24.24,20.93,61.76,59.09,38.24,68.18,12.12,15.56,81.82,80.00,35.29,31.11,45.45,33.33,87.88,79.07,50.00,47.62,37.84,50.00,66.67,61.90,100.00,74.65,100.00,68.57,78.26,100.00,100.00,12.50,5.71,100.00, ,66.67,50.00,64.79,100.00,81.69, ,52.17,100.00,73.91, ,93.94,50.00,27.94,60.77,60.63,100.00,57.69,65.38,55.77,80.00
28139,52.06,2.84,37.50,32.58,2.33,29.01,33.59,20.69,59.13,45.13,25.89,23.68,18.75,21.24,77.48,50.00,31.13,62.96,60.00,54.92,64.46,10.74,13.33,62.50,31.40,54.17,11.67,7.50,26.67,67.50,82.64,81.51,55.37,48.33,47.50,33.75,28.00,5.77, ,40.00,20.00,76.92,54.84,13.64,30.00,56.72,62.50,35.38,58.33,21.54,31.91,80.30,70.83,18.18,19.57,21.88,20.41,74.60,81.25,50.00,50.00,38.18,23.53,63.93,61.70,100.00,59.02,66.67,54.62,65.25,33.33,99.03,11.76, ,97.01, ,87.50,66.67,67.52,66.67,83.05,66.67,81.90,33.33,55.93, ,95.08,66.67,47.01,64.32,64.88,66.67,55.91,68.32,61.67,63.89
28150,49.24,2.96,31.72,31.25,6.21,25.00,27.78,26.39,36.36,44.76,25.18,26.76,11.72,29.37,84.03,48.23,53.19,70.42,66.22,63.70,71.03,8.97,14.79,58.45,25.52,46.10,18.44,12.77,22.70,47.86,83.80,72.34,66.67,47.86,48.20,31.11,28.26,10.00,1.16,35.29,15.48,87.50,59.68,22.86,28.57,42.86,30.43,42.86,46.38,21.74,28.36,79.71,69.57,2.86,18.57,32.86,24.64,84.29,84.29,53.62,44.93,52.44,51.79,78.26,65.71,100.00,65.52,100.00,62.94,71.83,33.33,100.00,12.50, ,95.59,0.88,92.59, ,48.91,100.00,83.45,66.67,72.46,33.33,67.39,1.39,97.06,100.00,47.06,72.46,74.62,50.00,71.00,72.16,70.08,77.97
28164,98.78,54.07,82.04,8.66,12.50,7.76,12.55,7.46,52.86,70.61,5.68,9.96,2.60,9.57,81.39,39.30,45.02,78.26,92.17,92.17,43.67,17.90,10.13,38.77,25.76,58.48,16.07,5.36,20.09,30.84,93.48,85.15,67.39,26.11,58.26,10.26,8.33,1.19,42.19,1.12,30.19,60.00,95.03,7.56, ,53.13,33.33,70.22,100.00,5.75, ,89.91,100.00,2.63, ,9.69, ,81.14,100.00,38.50,100.00,98.10,0.79,79.30, ,91.80,92.59,93.44,90.74,60.19,28.93,86.84,92.92,60.91,56.14,15.53,16.53,30.00,31.78,92.62,94.44,87.70,82.24,63.93,71.30,28.57,23.68,79.51,34.26,93.90,95.58,92.48,100.00,94.21,88.64,95.52
28170,96.88,25.00,87.50, , , , , , , , , , , , , , , , , , , , , , , , , , , , , , , , , , , , , , , , , , , , , , , , , , , , , , , , , , , , , , , , , , , , , , , , , , , , , , , , , , , , , , ,0.00, , , , , , 
28178,71.11,2.22,43.18,28.21,10.53,18.42,32.43,28.21,48.65,68.42,21.05,29.73,13.51,28.95,84.21,23.68,54.05,62.16,78.95,63.16,74.29,5.71,22.22,44.44,27.03,51.35,8.11,10.81,29.73,91.67,88.89,85.71,70.27,55.56,66.67,33.33,17.65,11.11,5.26,7.69,20.83,70.59,63.16,16.67,66.67,50.00,44.44,68.97,66.67,13.79,44.44,67.86,77.78,17.86, ,27.59,33.33,89.66,66.67,24.14,22.22,73.91,21.43,64.29,55.56,100.00,78.38,100.00,62.16,73.53,100.00,100.00,11.11,5.26,100.00, ,75.00,100.00,91.43,100.00,88.57,100.00,85.29, ,72.22, ,95.24,100.00,65.71,86.67,86.36,100.00,69.23,93.75,84.00,89.47
28179,72.37,4.00,62.67,23.08,1.96,7.69,19.23,26.53,52.08,36.17,14.29,8.33,16.33,26.53,89.80,53.19,40.43,74.47,67.39,52.17,70.45,11.36,18.60,53.49,30.23,45.24,9.52,4.76,40.48,46.51,97.62,76.19,71.43,57.14,44.19,38.10,13.33,3.33, ,3.57,13.04,73.91,85.71,28.13,23.53,56.25,43.75,31.25,46.67,9.38,23.53,90.63,93.75,12.50,23.53,21.88,35.29,93.75,82.35,50.00,58.82,54.17,26.09,76.67,70.59,100.00,65.91,100.00,50.00,71.43,50.00,100.00,20.00, ,90.48,2.63,75.00,50.00,46.34,100.00,97.50,50.00,77.50,100.00,70.00,5.56,95.83,100.00,41.46,65.79,66.67,66.67,80.95,60.00,71.43,61.70
28187,75.00,1.33,54.17,11.76,0.00,11.76,18.75,21.21,74.19,37.50,15.63,12.50,21.88,42.42,90.91,59.38,50.00,77.42,81.25,65.63,58.06,6.45,15.15,48.48,22.58,50.00,12.50,3.13,34.38,53.13,90.00,83.87,90.32,51.61,64.29,26.67, , , ,5.88,17.65,83.33,80.00,20.83,22.22,77.27,66.67,34.78,44.44,16.67,12.50,86.96,88.89,13.04,44.44,50.00,22.22,91.67,88.89,56.52,66.67,76.92,31.58,82.61,62.50, ,81.25, ,65.63,58.06, ,100.00, , ,100.00, ,100.00, ,53.13, ,90.00, ,83.87, ,90.32, ,100.00, ,64.29,44.16,45.95, ,50.00,46.30,45.45,48.72
28188,56.58,2.63,47.37,15.49,0.00,30.99,23.94,22.06,44.93,30.88,33.82,37.31,5.88,23.53,92.65,46.27,23.88,74.24,72.73,62.12,81.82,4.55,6.15,75.38,30.30,57.58,12.12,6.06,24.24,38.46,66.67,69.70,50.77,34.85,73.85,13.51,15.15, , ,34.29,28.57,77.78,73.53,23.08,17.86,46.15,44.83,28.21,35.71,31.58,34.48,59.46,65.52,5.26,6.90,23.68,24.14,89.47,96.55,40.54,55.17,31.25,17.65,76.32,70.37,100.00,73.02,50.00,63.49,82.54,100.00,100.00,33.33,3.57,97.30, ,80.00,50.00,37.10,50.00,66.67,100.00,68.25,50.00,50.00, ,91.67,100.00,72.58,89.47,89.19,100.00,87.88,90.70,92.50,86.11
28189,33.75,1.27,20.51,33.33,2.08,22.92,34.09,19.15,35.42,33.33,15.56,14.89,12.50,16.67,85.42,40.43,57.45,58.70,63.04,57.45,84.09,4.55,6.67,80.00,26.09,29.79,14.89,12.77,42.55,70.21,89.36,82.98,89.13,42.22,58.70,40.00,16.67, ,2.78,45.00,3.70,86.96,45.00,15.79,21.43,52.63,24.14,31.58,34.48,10.53,19.23,89.47,82.14,10.53,13.79,10.53,20.69,94.74,79.31,38.89,41.38,48.28,72.22,61.11,57.14, ,63.04, ,57.45,84.09, ,100.00, , ,100.00, ,100.00, ,70.21, ,89.36, ,82.98, ,89.13, ,100.00, ,58.70,60.00,61.54, ,54.72,70.37,56.45,75.00
28319, , , , , , , , , , , , , , , , , , , , , , , , , , , , , , , , , , , , , , , , , , , , , , , , , , , , , , , , , , , , , , , , , , , , , , , , , , , , , , , , , , , , , , , , , , , , , , , , 
28345, , , , , , , , , , , , , , , , , , , , , , , , , , , , , , , , , , , , , , , , , , , , , , , , , , , , , , , , , , , , , , , , , , , , , , , , , , , , , , , , , , , , , , , , , , , , , , , , 
28353, , , , , , , , , , , , , , , , , , , , , , , , , , , , , , , , , , , , , , , , , , , , , , , , , , , , , , , , , , , , , , , , , , , , , , , , , , , , , , , , , , , , , , , , , , , , , , , , 
28354,75.00,0.00,25.00,50.00,0.00,16.67,33.33,50.00,50.00,66.67,16.67,16.67,50.00,16.67,100.00,50.00,66.67,100.00,16.67,50.00,83.33,16.67,0.00,83.33,50.00,83.33,16.67,0.00,0.00,50.00,60.00,100.00,33.33,33.33,100.00,33.33,100.00, , , ,25.00,100.00,50.00,33.33,100.00,33.33, ,66.67,100.00, , ,66.67,100.00,66.67, ,33.33, ,100.00,100.00,33.33, ,75.00, ,100.00,100.00, ,25.00, ,75.00,75.00, ,100.00, , ,100.00, ,100.00, ,50.00, ,50.00, ,100.00, ,25.00, ,100.00, ,100.00,100.00,100.00, ,100.00,100.00,100.00,100.00
28356, , , , , , , , , , , , , , , , , , , , , , , , , , , , , , , , , , , , , , , , , , , , , , , , , , , , , , , , , , , , , , , , , , , , , , , , , , , , , , , , , , , , , , , , , , , , , , , , 
28358,0.00,0.00,0.00,75.00,25.00,0.00,25.00,50.00,50.00,50.00,50.00,0.00,100.00,75.00,75.00,75.00,50.00,100.00,25.00,50.00,50.00,25.00,0.00,75.00,0.00,25.00,25.00,0.00,50.00,0.00,25.00,25.00,0.00,0.00,75.00, , , , , , , , , , , , , , , , , , , , , , , , , , , , , , , , , , , , , , , , , , , , , , , , , , , , , , ,0.00, , , , , , 
28374,25.00,0.00,33.33, , , , , , , , , , , , , , , , , , , , , , , , , , , , , , , , , , , , , , , , , , , , , , , , , , , , , , , , , , , , , , , , , , , , , , , , , , , , , , , , , , , , , , ,0.00, , , , , , 
28380,50.00,0.00,50.00, , , , , , , , , , , , , , , , , , , , , , , , , , , , , , , , , , , , , , , , , , , , , , , , , , , , , , , , , , , , , , , , , , , , , , , , , , , , , , , , , , , , , , ,0.00, , , , , , 
28603,47.46,4.31,29.66,23.81,8.33,25.81,33.33,35.19,47.27,47.17,20.37,32.08,30.19,34.62,71.15,53.06,28.85,68.63,69.39,59.18,74.47,4.26,17.02,51.06,14.29,60.87,8.70,8.70,21.74,50.00,87.50,39.58,87.50,48.94,48.94,31.11,5.88,21.05,2.44,46.67,3.23,89.29,45.16,34.78,35.48,60.87,37.50,45.45,48.39, ,34.38,71.43,65.63,13.64,41.94,19.05,45.16,71.43,70.97,45.00,58.62,25.00,35.00,61.90,73.33,100.00,66.67,75.00,57.78,79.07,25.00,97.30,30.00,5.88,93.10,2.44,60.00,25.00,52.27,75.00,88.64,50.00,38.64,50.00,90.91,4.55,88.00,75.00,46.51,49.17,49.55,80.00,54.84,42.86,49.40,48.57
28605,65.65,3.10,45.80,27.66,2.13,14.89,19.57,22.73,42.86,40.91,18.60,19.05,7.14,31.71,88.10,38.10,35.71,57.14,76.19,76.19,70.73,2.44,14.29,64.29,23.81,38.10,16.67,4.76,40.48,54.76,92.86,82.93,75.00,57.50,53.66,32.26,18.75,5.88, ,23.53,10.00,92.00,66.67,20.69,26.67,39.29,50.00,48.28,26.67,14.29,26.67,81.48,80.00,7.41,6.67,30.77,33.33,88.89,86.67,29.63,53.33,50.00,25.00,66.67,40.00,100.00,75.00,100.00,75.00,74.36, ,97.22,16.67, ,88.89,2.86,85.71, ,57.50,100.00,92.50,50.00,84.62,50.00,76.32, ,92.00,100.00,51.28,34.35,34.40,50.00,35.56,33.72,40.85,26.67
28702,0.00,0.00,33.33,66.67,0.00,0.00,50.00,33.33,66.67,66.67,33.33,33.33,0.00,0.00,100.00,66.67,100.00,66.67,0.00,0.00,100.00,0.00,0.00,100.00,33.33,33.33,0.00,66.67,0.00,66.67,100.00,66.67,100.00,33.33,66.67,100.00, , , , , ,100.00, , ,33.33, ,66.67, ,66.67, ,33.33, ,66.67, , , , , ,100.00, ,66.67, ,100.00, ,66.67, , , , ,100.00, ,100.00, , ,100.00, , , ,66.67, ,100.00, ,66.67, ,100.00, ,100.00, ,66.67,100.00,100.00, ,100.00, ,100.00,100.00
28703,55.08,4.32,40.96,21.47,23.12,12.00,17.96,15.76,57.56,69.23,15.70,15.52,41.42,46.75,59.88,27.33,58.14,76.88,25.88,19.88,68.29,7.93,23.49,51.20,24.86,57.89,7.60,11.70,22.81,53.14,45.35,46.43,60.71,31.93,55.48,22.86,19.44,33.70,11.11,17.11,8.08,86.96,76.00,12.50,20.29,59.18,55.41,65.98,73.61,9.28,24.00,92.78,74.03,33.68,51.35,45.26,48.65,61.05,58.33,18.56,38.67,61.86,53.33,86.21,65.75,71.43,24.22,85.71,17.20,69.68,28.57,100.00,15.56,6.67,97.87, ,65.00,42.86,53.01,85.71,44.17,42.86,45.91,57.14,60.38,0.94,89.66,100.00,53.42,94.15,94.92,87.50,92.86,96.12,94.59,93.51
30104,87.50,42.19,50.78,14.47,6.58,3.95,10.67,11.84,68.42,60.53,11.84,7.89,19.74,38.16,98.67,61.33,52.00,82.67,79.73,83.78,72.00,8.00,5.33,46.67,40.00,70.27,5.41,5.41,18.92,48.00,98.67,94.67,69.33,24.00,67.57,25.00,5.00,5.13,8.11,2.56,5.41,84.62,94.44,6.15,45.45,66.15,81.82,67.69,18.18,7.69,36.36,92.31,90.91,10.77,72.73,33.85,63.64,98.46,100.00,58.46,80.00,83.72,9.38,86.15,60.00,100.00,68.09,96.30,76.60,89.58,40.74,97.83,89.66,57.14,78.26,7.69, ,37.04,54.17,100.00,97.92,88.89,97.92,66.67,70.83,10.53,37.84,92.59,53.19,59.38,66.22,50.00,68.75,58.04,57.14,61.54
31107,87.22,38.35,63.16,15.67,5.97,5.97,10.45,15.27,64.18,69.40,9.09,18.05,21.80,35.61,73.48,62.12,58.78,83.85,82.58,77.27,61.07,9.92,9.23,41.54,29.77,68.00,4.00,4.80,23.20,80.77,93.89,88.55,80.77,34.62,79.39,20.00,5.36,3.77,15.15,1.85,9.38,89.66,94.74,12.00,30.00,61.84,80.00,65.79,60.00,8.11, ,85.53,88.89,18.67,10.00,29.73,70.00,80.00,60.00,62.67,60.00,95.45,19.51,91.89,50.00,94.59,67.35,97.30,63.27,77.55,36.11,95.56,85.00,62.50,77.08,5.77, ,94.29,73.47,97.22,91.84,97.22,79.59,72.22,85.71,25.00,44.90,97.22,71.43,65.41,60.98,72.55,58.82,66.38,61.22,67.86
32108,85.55,50.99,66.67,11.43,9.09,7.91,7.51,16.09,72.09,78.86,12.21,11.30,16.09,40.91,79.31,61.36,78.41,72.16,85.31,83.05,40.57,26.29,16.57,24.00,23.43,62.03,5.06,12.03,20.89,50.57,92.61,61.63,64.20,24.86,76.44,16.07,9.40,4.46,16.13,2.70,15.63,85.48,96.33,13.29,27.59,70.83,77.78,80.69,67.86,9.09,25.93,89.04,89.66,14.69,24.14,37.24,58.62,81.25,71.43,59.59,75.00,96.55,42.37,79.31,34.48,93.48,76.19,94.57,70.24,60.71,22.22,81.40,85.23,60.81,62.65,6.02,4.05,59.78,39.76,98.90,85.71,82.22,38.27,53.85,75.00,17.74,28.95,85.71,65.85,67.95,67.74,71.32,78.38,66.67,66.28,68.60
32301,0.00,0.00,0.00,33.33,66.67,16.67,0.00,16.67,100.00,83.33,0.00,0.00,33.33,16.67,50.00,66.67,50.00,66.67,16.67,33.33,50.00,33.33,50.00,16.67,0.00,50.00,0.00,50.00,0.00,33.33,66.67,83.33,33.33,33.33,83.33, , ,100.00, ,100.00, ,100.00, , , , ,100.00, ,100.00, , , ,100.00, ,25.00, , , ,75.00, ,75.00, ,100.00, ,75.00, ,25.00, ,25.00,25.00, ,100.00, , ,100.00, , , ,50.00, ,75.00, ,100.00, ,50.00, ,100.00, ,75.00,80.00,100.00, ,80.00, ,100.00, 
33108,82.73,31.39,65.22,23.73,3.39,7.63,12.71,24.14,61.54,66.38,13.68,9.40,22.81,37.61,83.90,38.46,59.32,69.23,73.50,74.14,61.02,4.24,10.17,51.69,39.66,66.07,5.36,4.46,24.11,41.88,92.24,92.31,75.21,32.76,54.70,34.09,17.57,3.95,2.38,4.23,12.77,82.22,90.41,22.92,30.00,61.86,60.00,66.67,65.00,10.42,28.57,89.58,95.24,15.96,55.00,35.05,50.00,84.54,80.95,36.46,47.62,87.69,24.53,71.88,57.14,90.00,64.94,85.00,68.42,69.23,45.00,95.83,80.43,44.74,77.03,5.00,6.25,45.00,40.26,95.00,90.79,92.50,92.21,75.00,75.32,19.05,49.06,80.00,41.56,84.29,82.98,93.02,87.50,84.35,91.67,82.22
35130,65.85,17.21,46.75,19.62,14.65,21.88,21.74,19.61,59.24,79.22,11.26,23.08,26.28,39.10,71.52,50.63,50.32,75.00,65.00,54.72,56.00,18.67,27.21,27.21,33.55,46.15,16.03,12.18,25.64,29.22,85.90,72.08,54.55,40.38,50.98,26.97,10.29,21.52,7.79,29.63,14.10,86.08,70.37,13.54,28.57,62.63,52.63,77.78,81.48,7.37,18.18,79.80,71.43,17.53,41.38,38.00,40.00,73.00,68.42,44.44,60.34,64.10,35.90,84.38,59.32,78.57,62.60,75.00,50.77,59.35,38.46,93.41,38.18,11.11,75.90,4.46,46.51,29.63,29.37,100.00,82.81,88.46,69.29,48.15,55.56,7.79,73.08,92.31,42.06,65.99,66.34,69.05,72.62,62.96,70.99,60.87
35134,65.68,16.67,55.39,14.36,13.30,10.00,15.96,15.51,65.22,74.73,8.84,12.97,26.09,37.36,82.32,45.90,67.03,69.06,74.73,71.67,59.32,7.91,20.79,34.27,31.49,65.12,10.47,8.14,16.28,36.31,85.56,76.97,69.10,31.07,65.36,16.47,12.62,16.24,8.45,5.26,14.74,84.62,83.64,12.28,20.55,61.61,70.83,71.82,79.17,4.63,15.07,87.39,86.49,20.00,35.14,34.86,41.10,84.11,79.73,44.95,47.30,75.79,57.47,80.73,51.39,89.29,72.08,92.59,67.97,63.58,34.62,93.89,38.30,21.54,91.59,2.19,42.86,40.74,35.53,92.31,84.42,84.62,75.66,73.08,68.42,2.00,68.83,92.31,60.78,70.48,71.56,66.67,80.65,65.17,72.50,69.80
35138,77.05,27.57,58.75,16.81,11.56,10.18,13.39,16.06,66.67,74.09,16.82,13.78,23.66,35.40,79.65,45.74,55.80,74.89,72.89,66.52,50.68,20.36,17.81,30.59,35.59,55.35,17.21,7.91,19.53,46.85,87.00,85.14,60.99,31.39,63.96,25.00,11.94,10.14,10.84,8.89,12.64,82.22,89.23,11.63,33.33,67.43,63.27,77.65,61.22,12.21,34.04,87.43,81.63,22.86,27.08,33.52,42.86,86.36,57.14,45.09,46.94,80.65,25.25,83.33,45.83,96.92,62.89,93.85,55.70,61.94,24.62,92.59,66.27,31.91,73.33,13.84,27.27,39.06,50.32,92.31,84.71,92.31,82.69,61.54,61.15,12.82,52.38,87.50,54.78,92.21,90.91,97.01,87.50,93.62,88.89,95.04
35335,0.00,0.00,0.00,50.00,0.00,0.00,0.00,50.00,50.00,100.00,100.00,50.00,50.00,50.00,100.00,50.00,100.00,100.00,0.00,0.00, , ,0.00,100.00,0.00,0.00,100.00,0.00,0.00,100.00,0.00,0.00,0.00,0.00,100.00,50.00, , , , , ,100.00, , ,50.00, ,50.00, ,100.00, ,100.00, ,50.00, ,50.00, ,50.00, ,100.00, ,50.00, ,100.00, ,100.00, , , , , , ,100.00, , , , ,100.00, ,100.00, , , , , , , , , ,100.00,100.00,100.00, ,100.00, ,100.00, 
35358,0.00,0.00,0.00,33.33,33.33,0.00,66.67,33.33,33.33,33.33,100.00,0.00,33.33,66.67,100.00,0.00,33.33,66.67,33.33,33.33,100.00,0.00,0.00,66.67,33.33,0.00,0.00,0.00,100.00,33.33,100.00,100.00,100.00,66.67,66.67,33.33, ,100.00, , , ,100.00, , ,33.33, ,33.33, ,33.33, ,100.00, ,100.00, ,33.33, ,66.67, ,100.00, , , ,100.00, ,66.67, ,33.33, ,33.33,100.00, ,100.00, , , , , , ,33.33, ,100.00, ,100.00, ,100.00, ,100.00, ,66.67,100.00,100.00, ,100.00, ,100.00, 
36104,82.88,38.67,61.33,19.02,7.84,10.24,19.80,19.37,58.71,74.49,16.41,16.67,16.42,35.32,85.71,47.76,45.54,78.54,71.84,64.39,47.94,18.04,16.49,30.93,26.37,53.00,6.00,10.50,30.50,57.07,86.63,78.71,70.94,38.24,72.28,32.39,11.54,6.11,8.70,4.92,17.72,70.27,86.40,16.27,42.86,60.82,46.15,77.84,52.00,13.41,25.93,84.30,82.14,16.28,16.00,33.92,38.46,88.44,65.38,45.61,61.54,81.82,9.09,82.08,64.29,91.76,58.97,90.59,47.41,61.11,31.71,88.12,79.78,43.53,60.36,4.39,7.32,57.14,57.26,90.48,83.33,90.48,71.93,65.88,75.44,26.44,45.13,90.48,60.53,78.60,74.52,85.86,63.64,81.69,72.73,82.80
38106,64.91,23.68,56.39,16.44,4.57,12.33,19.16,20.74,53.49,58.60,14.55,15.21,15.89,25.23,83.72,52.11,65.44,58.33,68.98,58.02,54.67,9.35,7.51,56.81,27.57,66.00,8.00,6.00,20.00,43.26,87.91,84.58,79.07,38.68,62.15,19.10,14.06,5.26,2.38,5.26,19.42,73.63,85.95,15.07,32.39,52.41,55.71,62.07,51.43,11.81,20.29,85.62,83.10,12.33,23.53,23.97,27.94,86.90,77.14,48.25,60.00,79.83,47.96,65.75,42.86,96.30,59.88,94.44,45.57,62.50,31.48,99.31,77.94,40.00,89.52,1.44,22.95,29.63,47.83,94.44,85.71,88.89,83.13,83.33,77.64,18.33,65.22,81.48,55.63,95.20,94.25,100.00,90.00,98.65,89.90,99.22
38305, , , , , , , , , , , , , , , , , , , , , , , , , , , , , , , , , , , , , , , , , , , , , , , , , , , , , , , , , , , , , , , , , , , , , , , , , , , , , , , , , , , , , , , , , , , , , , , , 
39123,61.05,12.15,39.89,17.35,5.35,7.55,22.15,16.56,54.05,66.03,15.43,11.08,16.56,31.85,79.37,47.76,40.76,77.49,71.75,59.29,53.07,9.39,15.64,43.00,30.45,60.26,6.19,6.51,27.04,42.31,86.26,89.78,79.62,52.56,59.03,23.96,6.50,10.45,1.65,12.69,3.30,87.20,68.00,11.05,25.64,52.63,56.78,70.31,59.66,10.42,23.73,94.27,80.49,10.99,25.41,31.25,33.06,79.17,79.51,43.75,54.62,51.66,30.25,78.65,75.42,92.11,68.84,92.11,54.58,54.98,40.54,98.25,43.59,17.05,91.53,1.55,31.25,40.54,42.34,97.30,84.73,91.89,89.45,86.49,78.62,8.89,85.80,86.84,54.98,87.05,89.39,88.37,87.94,86.88,88.48,85.42
39321,0.00,0.00,100.00,50.00,0.00,0.00,0.00,50.00,50.00,50.00,50.00,0.00,50.00,50.00,100.00,50.00,50.00,100.00,0.00,100.00,100.00,0.00,0.00,100.00,50.00,100.00,0.00,0.00,0.00,0.00,0.00,50.00,0.00,0.00,100.00, ,100.00, , , , , ,100.00, ,100.00, ,100.00, , , ,100.00, ,100.00, ,100.00, ,100.00, ,100.00, ,100.00, ,100.00, ,100.00, , , ,100.00,100.00, ,100.00, , ,100.00, , , , , , , , , , , , , ,100.00,100.00,100.00, ,100.00, , ,100.00
39332,66.67,0.00,0.00,100.00,0.00,0.00,0.00,0.00,100.00,0.00,100.00,0.00,100.00,100.00,100.00,100.00,100.00,100.00,0.00,0.00,100.00,0.00, , ,0.00,100.00,0.00,0.00,0.00,100.00,0.00,100.00,100.00,0.00,100.00,100.00, , , , , ,100.00, , , ,100.00, , , ,100.00, ,100.00, ,100.00, ,100.00, ,100.00, ,100.00, ,100.00, ,100.00, , , , , ,100.00, , , , ,100.00, , , ,100.00, , , ,100.00, ,100.00, , , ,100.00,33.33,33.33, , ,50.00,33.33, 
39601,97.67,16.28,58.14,11.63,2.33,13.95,45.24,26.19,59.52,34.88,21.43,23.26,34.88,45.24,83.72,41.86,48.84,76.19,73.81,73.81,59.52,9.52,7.14,64.29,27.91,45.24,21.43,4.76,28.57,71.43,76.19,71.43,90.48,64.29,76.74,11.11,12.00, ,5.26, ,25.00,47.37,60.87,26.19, ,60.98, ,35.71, ,21.95, ,78.57, ,33.33,100.00,46.34, ,83.33,100.00,42.86, ,95.45, ,78.05, ,85.71,71.43,85.71,71.43,60.00,57.14,97.06,75.00,5.26,78.26,6.45,63.64,66.67,72.22,66.67,77.78,100.00,66.67,100.00,88.89,26.32,95.65,100.00,72.22,100.00,100.00,100.00,100.00,100.00,100.00,100.00
96107,85.50,33.08,79.03,15.56,8.89,29.61,13.22,24.42,61.40,56.07,15.38,36.36,30.46,35.59,72.25,56.07,42.44,78.03,70.69,62.21,55.15,13.94,13.58,42.59,36.69,57.83,10.84,6.63,24.70,50.29,84.88,85.12,66.86,30.36,65.87,31.58,11.35,5.00,20.51,5.94,59.74,60.42,96.80,23.49,30.43,59.18,75.00,53.02,75.00,12.41,33.33,63.09,66.67,26.17,56.00,35.10,38.46,74.32,60.00,52.05,77.78,81.33,12.37,80.54,62.50,88.68,62.81,86.79,51.26,66.07,32.08,97.85,71.01,36.71,77.01,7.69,18.37,56.60,47.46,90.57,82.35,86.79,84.35,68.63,66.10,15.79,49.32,82.69,58.26,66.54,70.22,61.36,69.23,66.09,67.86,66.82
96998, , , , , , , , , , , , , , , , , , , , , , , , , , , , , , , , , , , , , , , , , , , , , , , , , , , , , , , , , , , , , , , , , , , , , , , , , , , , , , , , , , , , , , , , , , , , , , , , 
97106,70.27,28.38,36.05,15.45,22.95,8.06,11.38,19.49,71.77,94.12,13.11,13.01,13.11,29.03,89.60,58.06,66.39,66.40,66.40,67.20,53.66,13.01,27.05,15.57,16.13,53.28,8.20,9.84,28.69,38.52,91.94,81.45,60.48,30.89,62.60,21.79,2.27,35.85,13.24,16.00,2.74,95.71,78.85,9.30,46.88,72.41,70.27,96.47,88.24,8.05,25.71,89.66,80.56,6.90,28.57,25.00,38.89,95.45,75.68,56.82,61.11,85.94,44.83,76.14,43.24,96.77,56.38,100.00,56.38,63.04,25.81,87.18,47.73,25.00,74.29,6.45,13.79,35.48,39.56,100.00,89.25,93.55,77.42,51.61,63.44,9.09,56.14,80.65,56.52,84.46,88.68,73.81,84.09,84.62,85.11,83.02
97320, , , , , , , , , , , , , , , , , , , , , , , , , , , , , , , , , , , , , , , , , , , , , , , , , , , , , , , , , , , , , , , , , , , , , , , , , , , , , , , , , , , , , , , , , , , , , , , , 
98101,88.26,41.75,75.84,11.33,6.40,7.84,16.42,17.95,68.34,67.84,12.50,9.09,37.88,36.68,87.44,46.00,41.12,83.25,86.22,85.71,51.02,17.86,6.15,45.13,35.53,62.70,6.49,4.32,26.49,21.76,94.44,84.02,76.65,28.57,61.03,12.77,10.32,2.01,16.98,3.36,20.37,61.90,93.43,13.95,47.83,65.71,86.96,69.32,59.09,9.04,36.36,90.34,95.24,38.29,31.82,34.86,47.83,89.71,73.91,44.89,56.52,84.52,8.04,87.86,52.17,95.29,80.00,97.65,77.27,68.18,28.24,97.12,91.11,54.79,68.47,7.08,5.63,18.07,24.77,97.67,91.89,79.52,88.18,72.94,79.28,18.60,36.70,81.93,45.95,67.45,66.47,69.35,65.71,67.68,65.28,68.14
98108,14.29,14.29,28.57,50.00,0.00,0.00,0.00,0.00,100.00,100.00,0.00,0.00,100.00,50.00,0.00,50.00,0.00,50.00,100.00,100.00,100.00,0.00,0.00,100.00,0.00,100.00,0.00,0.00,0.00,0.00,50.00,0.00,0.00,0.00,50.00, ,100.00, , , , ,100.00,100.00, , ,100.00,100.00,100.00,100.00, , ,100.00,100.00,100.00,100.00,100.00, , , , ,100.00, , , ,100.00,100.00,100.00,100.00,100.00,100.00,100.00,100.00,100.00,100.00,100.00, , , , , ,100.00, , , , , , , ,100.00,28.57,16.67,100.00,16.67,100.00,20.00,50.00
99001,50.00,50.00,0.00, , , , , , , , , , , , , , , , , , , , , , , , , , , , , , , , , , , , , , , , , , , , , , , , , , , , , , , , , , , , , , , , , , , , , , , , , , , , , , , , , , , , , , ,0.00, , , , , , 
99102,86.21,38.92,65.52,17.68,7.61,3.55,11.79,24.74,71.13,76.41,12.69,12.76,23.08,29.23,77.84,47.45,48.21,88.72,78.46,63.78,54.36,13.85,13.47,32.64,36.27,70.43,6.99,8.06,14.52,30.37,81.58,87.56,70.16,25.00,75.39,30.30,10.16,3.28,13.89,3.82,3.17,81.82,92.00,21.69,40.00,68.67,83.33,81.93,44.00,10.12,28.00,88.02,88.00,19.28,52.00,25.15,54.17,79.39,68.00,43.11,72.00,83.84,9.78,88.55,88.00,93.15,69.49,87.84,48.31,71.79,28.38,88.98,84.72,62.32,76.99,6.09,7.46,22.86,33.33,91.55,76.52,83.33,91.45,67.14,71.79,11.24,38.95,88.57,68.38,96.06,96.77,94.94,92.86,96.57,95.71,96.24
