scode,RD_SLT_S_MH_PCT_SubUseOffDrugFreq_04,RD_SLT_S_MH_PCT_SubUseUsedDrugFreq_04,RD_SLT_S_MH_PCT_SubUseAlcFreq_04,RD_SLT_S_MH_PCT_SubPeerPressure_04,RD_SLT_S_MH_PCT_Used_Illegal_Drugs_04,RD_SLT_S_MH_PCT_TEASED_HASSLE_04,RD_SLT_S_MH_PCT_TEACHER_HASSLE_04,RD_SLT_S_MH_PCT_TALK_TEACH_ACADEM_04,RD_SLT_S_MH_PCT_TALK_TEACH_PERSONAL_04,RD_SLT_S_MH_PCT_STU_NO_GTALNG_04,RD_SLT_S_MH_PCT_TCH_INTERST_04,RD_SLT_S_MH_PCT_HELP_F_TCH_OFTN_04,RD_SLT_S_MH_PCT_LIKE_TIME_SCH_04,RD_SLT_S_MH_PCT_BELONG_SCH_04,RD_SLT_S_MH_PCT_Drg_alc_04,RD_SLT_S_MH_PCT_Drug_04,RD_SLT_S_MH_PCT_SubUseOffDrugFreq_05,RD_SLT_S_MH_PCT_SubUseUsedDrugFreq_05,RD_SLT_S_MH_PCT_SubUseAlcFreq_05,RD_SLT_S_MH_PCT_SubPeerPressure_05,RD_SLT_S_MH_PCT_Used_Illegal_Drugs_05,RD_SLT_S_MH_PCT_TEASED_HASSLE_05,RD_SLT_S_MH_PCT_TEACHER_HASSLE_05,RD_SLT_S_MH_PCT_TALK_TEACH_ACADEM_05,RD_SLT_S_MH_PCT_TALK_TEACH_PERSONAL_05,RD_SLT_S_MH_PCT_STU_NO_GTALNG_05,RD_SLT_S_MH_PCT_TCH_INTERST_05,RD_SLT_S_MH_PCT_HELP_F_TCH_OFTN_05,RD_SLT_S_MH_PCT_LIKE_TIME_SCH_05,RD_SLT_S_MH_PCT_BELONG_SCH_05,RD_SLT_S_MH_PCT_Drg_alc_05,RD_SLT_S_MH_PCT_Drug_05,RD_SLT_S_MH_PCT_SubUseOffDrugFreq_06,RD_SLT_S_MH_PCT_SubUseUsedDrugFreq_06,RD_SLT_S_MH_PCT_SubUseAlcFreq_06,RD_SLT_S_MH_PCT_SubPeerPressure_06,RD_SLT_S_MH_PCT_Used_Illegal_Drugs_06,RD_SLT_S_MH_PCT_TEASED_HASSLE_06,RD_SLT_S_MH_PCT_TEACHER_HASSLE_06,RD_SLT_S_MH_PCT_TALK_TEACH_ACADEM_06,RD_SLT_S_MH_PCT_TALK_TEACH_PERSONAL_06,RD_SLT_S_MH_PCT_STU_NO_GTALNG_06,RD_SLT_S_MH_PCT_TCH_INTERST_06,RD_SLT_S_MH_PCT_HELP_F_TCH_OFTN_06,RD_SLT_S_MH_PCT_LIKE_TIME_SCH_06,RD_SLT_S_MH_PCT_BELONG_SCH_06,RD_SLT_S_MH_PCT_Drg_alc_06,RD_SLT_S_MH_PCT_Drug_06,RD_SLT_S_MH_PCT_SubUseOffDrugFreq_07,RD_SLT_S_MH_PCT_SubUseUsedDrugFreq_07,RD_SLT_S_MH_PCT_SubUseAlcFreq_07,RD_SLT_S_MH_PCT_SubPeerPressure_07,RD_SLT_S_MH_PCT_Used_Illegal_Drugs_07,RD_SLT_S_MH_PCT_TEASED_HASSLE_07,RD_SLT_S_MH_PCT_TEACHER_HASSLE_07,RD_SLT_S_MH_PCT_TALK_TEACH_ACADEM_07,RD_SLT_S_MH_PCT_TALK_TEACH_PERSONAL_07,RD_SLT_S_MH_PCT_STU_NO_GTALNG_07,RD_SLT_S_MH_PCT_TCH_INTERST_07,RD_SLT_S_MH_PCT_HELP_F_TCH_OFTN_07,RD_SLT_S_MH_PCT_LIKE_TIME_SCH_07,RD_SLT_S_MH_PCT_BELONG_SCH_07,RD_SLT_S_MH_PCT_Drg_alc_07,RD_SLT_S_MH_PCT_Drug_07,RD_SLT_S_MH_PCT_SubUseOffDrugFreq_08,RD_SLT_S_MH_PCT_SubUseUsedDrugFreq_08,RD_SLT_S_MH_PCT_SubUseAlcFreq_08,RD_SLT_S_MH_PCT_SubPeerPressure_08,RD_SLT_S_MH_PCT_Used_Illegal_Drugs_08,RD_SLT_S_MH_PCT_TEASED_HASSLE_08,RD_SLT_S_MH_PCT_TEACHER_HASSLE_08,RD_SLT_S_MH_PCT_TALK_TEACH_ACADEM_08,RD_SLT_S_MH_PCT_TALK_TEACH_PERSONAL_08,RD_SLT_S_MH_PCT_STU_NO_GTALNG_08,RD_SLT_S_MH_PCT_TCH_INTERST_08,RD_SLT_S_MH_PCT_HELP_F_TCH_OFTN_08,RD_SLT_S_MH_PCT_LIKE_TIME_SCH_08,RD_SLT_S_MH_PCT_BELONG_SCH_08,RD_SLT_S_MH_PCT_Drg_alc_08,RD_SLT_S_MH_PCT_Drug_08
01106,16.5,17.8,14.3,6.9,31.4,8.5,14.3,60.7,16.6,11.4,29.7,13.6,32.0,48.1,52.2,31.4,14.7,15.1,12.3,5.2,24.9,8.5,13.3,65.6,14.7,9.2,33.8,14.1,35.2,50.9,43.7,24.9,11.3,13.0,10.0,5.2,21.4,7.6,13.1,67.0,16.3,8.9,34.0,13.3,39.5,53.9,40.6,21.4,9.2,12.8,11.2,6.2,22.5,9.4,12.3,66.2,15.3,9.8,36.0,15.1,39.3,53.4,38.8,22.5,7.9,9.5,4.9,3.6,18.6,7.8,11.8,68.0,15.6,8.5,29.8,11.9,35.5,51.9,27.2,18.6
01108,5.2,5.5,5.0,2.8,9.7,6.3,8.0,47.0,16.6,7.9,41.6,12.8,45.1,58.1,19.1,9.7,2.8,2.3,2.3,2.9,4.2,6.1,7.7,54.2,14.9,8.1,41.6,12.4,44.3,56.8,12.0,4.2,6.8,7.4,6.8,5.8,10.0,9.9,13.3,46.5,17.4,8.8,38.2,11.5,38.3,50.4,17.7,10.0,2.0,3.1,2.7,1.4,4.6,6.3,6.9,52.0,22.6,7.1,38.0,10.6,46.7,57.8,12.5,4.6,2.7,3.1,2.7,2.5,3.5,5.7,8.2,56.9,19.4,7.0,40.1,14.2,47.5,62.8,6.9,3.5
03104,8.1,7.6,7.1,5.4,12.5,13.0,16.9,31.7,16.6,20.8,28.8,8.5,29.6,31.9,27.2,12.5,6.0,6.3,6.8,4.3,10.9,11.1,14.9,34.9,16.9,20.1,31.2,11.9,26.6,33.2,26.2,10.9,4.8,7.6,7.6,5.5,11.8,11.9,18.1,37.9,17.6,20.0,28.3,10.2,27.9,37.0,27.0,11.8,8.7,9.2,9.7,9.1,13.9,15.6,16.1,40.4,17.4,21.5,32.4,15.1,30.1,38.7,28.1,13.9,6.2,7.7,7.2,8.2,14.3,13.4,17.7,33.9,17.3,15.1,32.8,12.5,31.4,36.0,27.6,14.3
03109,12.9,15.9,11.5,5.2,28.1,6.4,12.5,59.9,24.7,11.8,30.0,13.1,36.2,44.2,48.9,28.1,11.4,15.7,10.1,4.7,27.5,7.2,12.3,58.7,20.4,12.5,32.0,15.9,31.9,44.5,46.9,27.5,9.1,14.4,10.2,3.4,25.5,7.5,12.8,55.8,20.4,13.8,25.6,11.4,33.1,42.0,48.3,25.5,8.5,15.4,11.8,5.3,26.3,10.2,12.2,51.9,19.7,15.4,28.8,14.4,32.3,37.7,46.6,26.3,14.0,17.6,16.1,10.7,29.0,13.8,16.9,47.9,17.4,14.4,25.8,11.4,27.8,36.1,44.6,29.0
04108,7.5,6.5,7.2,3.4,17.9,8.7,13.0,37.2,15.9,21.7,38.6,14.9,41.3,43.1,37.6,17.9,7.4,8.2,9.5,4.3,18.4,10.6,14.5,33.7,14.2,25.4,33.1,15.6,33.9,39.3,43.2,18.4,8.1,6.1,8.0,5.8,14.2,11.4,13.9,32.4,17.4,27.6,32.5,15.0,30.2,38.6,38.2,14.2,4.9,6.4,8.0,4.5,16.1,8.1,10.8,35.6,17.1,22.9,36.5,15.4,37.8,38.0,38.5,16.1,4.0,5.1,5.8,2.5,13.9,5.7,10.8,36.5,16.1,18.7,30.4,15.4,35.6,38.4,30.1,13.9
04115,2.4,2.6,2.6,3.2,9.3,11.2,15.0,23.2,13.5,39.0,47.6,22.1,40.6,39.5,22.0,9.3,3.0,4.6,6.0,4.8,13.0,17.0,12.7,24.8,17.3,40.7,51.4,28.2,39.8,43.1,20.9,13.0,2.3,3.2,3.6,3.5,8.0,14.1,13.9,25.2,16.0,36.6,49.2,24.0,41.2,45.4,19.0,8.0,3.1,3.4,3.7,4.2,7.1,11.1,15.2,27.7,15.4,34.7,48.6,21.6,35.8,36.9,21.5,7.1,3.2,4.6,4.3,3.8,10.3,12.6,15.2,27.7,16.2,32.6,49.0,24.6,42.5,42.9,21.8,10.3
06104,2.2,3.1,1.3,2.5,6.7,10.6,11.2,39.9,21.3,19.5,47.2,15.9,34.4,41.0,15.2,6.7,3.8,2.6,2.6,3.0,7.1,9.6,10.9,40.7,20.1,18.5,44.3,17.0,33.4,43.4,20.2,7.1,3.1,4.0,3.9,3.9,7.0,10.6,12.8,41.1,19.8,14.6,43.9,16.7,32.9,44.4,17.8,7.0,2.7,3.1,3.4,2.1,7.2,8.9,9.1,43.9,18.6,13.5,36.4,12.9,33.6,45.0,15.1,7.2,3.2,2.1,1.3,2.8,4.5,10.2,10.6,39.8,17.4,16.3,39.9,15.7,33.9,43.0,11.7,4.5
06111,3.4,4.2,3.8,2.8,8.2,9.7,12.3,42.2,22.3,17.7,45.2,11.7,40.3,51.6,16.9,8.2,3.3,3.7,2.9,3.9,6.4,9.9,11.5,37.8,19.5,14.4,38.9,14.7,36.6,48.1,15.9,6.4,3.7,3.2,3.2,4.0,5.0,9.9,10.0,41.1,20.7,14.8,42.5,11.1,38.4,46.2,16.4,5.0, , , , , , , , , , , , , , , , , , , , , , , , , , , , , , , , 
06119,17.7,18.4,14.0,7.8,33.7,13.5,17.0,48.6,17.0,22.8,28.1,11.6,26.3,35.1,49.1,33.7,18.6,18.4,14.1,7.5,32.0,11.9,15.5,47.0,13.2,17.9,27.9,12.2,25.1,35.3,49.7,32.0,20.9,21.5,16.2,9.8,37.0,14.0,17.5,46.9,15.3,19.7,29.2,13.0,26.9,36.3,50.8,37.0,19.0,19.4,17.1,9.2,32.8,13.0,17.6,47.0,15.7,18.9,28.3,11.4,25.6,34.5,49.6,32.8,16.6,17.9,13.3,8.9,30.1,11.7,17.2,49.7,17.9,17.5,28.4,11.3,26.1,36.2,44.1,30.1
06120, , , , , , , , , , , , , , , , , , , , , , , , , , , , , , , , ,26.5,22.2,26.0,13.1,51.5,20.0,21.6,47.6,23.3,25.3,32.7,16.0,20.8,33.3,61.0,51.5, , , , , , , , , , , , , , , , , , , , , , , , , , , , , , , , 
07113,10.6,10.3,6.4,4.6,21.6,6.0,13.4,51.7,14.0,16.6,28.2,9.7,30.5,41.8,45.2,21.6,9.5,11.9,9.1,5.1,21.9,6.2,15.7,48.5,13.4,15.8,26.2,8.8,29.8,40.7,45.7,21.9,8.4,10.0,8.0,5.4,19.6,5.5,11.7,50.3,15.5,16.2,30.1,9.2,34.3,43.0,41.0,19.6,8.0,10.1,8.3,5.6,20.3,8.4,12.2,49.4,13.7,15.7,25.6,12.5,31.4,37.9,40.2,20.3,9.2,9.6,7.4,4.2,18.7,6.7,12.6,46.6,10.7,14.5,25.6,10.7,32.0,41.1,33.6,18.7
07115,2.6,1.9,3.1,1.9,5.3,6.1,8.9,41.7,15.8,15.3,42.6,16.3,35.3,45.8,21.0,5.3,2.5,3.0,2.4,2.4,7.9,6.6,9.3,35.6,15.6,13.6,41.5,18.1,37.4,42.9,15.6,7.9,2.8,3.4,3.4,1.8,8.2,6.4,11.7,36.0,16.8,17.9,40.1,16.8,34.3,42.8,17.6,8.2,2.7,2.3,3.0,2.4,5.0,9.3,11.2,37.9,19.7,17.8,40.0,16.1,32.7,40.3,20.3,5.0,2.0,2.0,2.0,2.9,4.9,7.9,11.7,37.6,14.0,16.6,41.8,17.4,37.0,42.9,16.6,4.9
07123,4.2,6.8,5.2,5.4,10.2,9.7,17.5,33.9,16.7,23.2,37.8,11.4,27.2,34.1,22.2,10.2,5.1,4.2,3.9,3.8,7.1,8.0,13.2,36.3,15.7,25.0,38.6,12.3,29.0,33.5,20.5,7.1,3.2,2.8,2.4,2.7,6.9,8.0,12.5,39.1,16.6,18.6,41.6,13.8,32.1,39.3,20.7,6.9,4.3,4.8,4.4,4.2,8.7,8.1,13.4,36.9,12.9,17.2,36.5,11.5,33.7,43.8,21.7,8.7,3.4,4.3,4.0,3.3,8.3,6.2,13.1,37.6,12.4,17.2,39.2,14.0,36.2,46.2,19.5,8.3
07126,12.6,14.0,10.5,5.0,26.2,7.9,15.3,54.8,15.7,13.8,27.2,9.3,29.6,44.1,47.4,26.2,10.2,11.2,9.7,5.4,22.1,7.8,12.9,58.1,18.0,13.2,30.5,11.9,38.9,50.9,39.9,22.1,11.1,14.7,12.8,6.5,28.0,9.5,13.4,53.4,18.0,15.6,29.5,13.0,36.5,46.3,45.9,28.0,10.5,12.3,11.1,4.7,23.0,7.9,11.6,53.6,17.5,10.6,27.7,10.1,31.3,43.5,40.5,23.0,10.5,13.2,11.3,6.1,24.4,8.9,13.1,53.5,18.2,13.6,28.4,11.6,31.3,42.8,38.7,24.4
07129,5.6,8.3,7.5,5.5,12.9,8.3,11.0,48.5,16.1,9.3,45.3,11.2,40.2,54.1,24.6,12.9,6.9,8.0,7.9,6.1,11.4,8.3,12.7,48.6,20.1,11.0,40.1,13.0,40.9,51.7,25.2,11.4,4.2,5.4,5.5,4.0,7.5,6.6,9.3,46.2,19.1,9.1,38.2,11.8,38.3,52.8,20.4,7.5,4.8,4.2,4.1,4.3,7.4,9.0,8.9,51.1,18.0,12.2,38.8,12.7,40.0,55.2,14.8,7.4,4.8,4.6,5.3,5.0,7.6,8.1,9.0,44.5,16.3,13.6,41.3,11.9,38.5,53.2,13.1,7.6
07132,19.0,18.5,13.4,6.8,33.2,8.3,15.3,53.0,18.9,15.3,30.8,11.0,28.6,41.1,56.7,33.2,13.5,17.4,15.3,6.1,33.3,9.4,14.4,53.4,20.3,15.3,31.9,10.7,33.7,40.2,50.4,33.3,12.5,17.2,14.3,6.9,31.4,11.0,12.9,47.8,19.6,14.9,27.3,12.3,34.4,40.4,48.7,31.4, , , , , , , , , , , , , , , , , , , , , , , , , , , , , , , , 
07135,31.2,25.6,20.5, ,43.6, ,24.7,35.1,15.4,12.8,30.3, ,20.5,34.7,65.4,43.6, ,31.0,14.3, ,46.4,11.1,22.0,39.4,21.1,12.6,32.3,14.3,16.7,37.1,60.7,46.4,16.9,22.2, , ,44.4, , ,30.3,18.2,23.5,43.1, ,20.3,35.6,59.3,44.4, ,15.9,14.5, ,36.2,14.1,15.5,33.3,20.7,15.9,42.7,16.4,29.6,45.8,46.4,36.2, ,45.5, , ,63.6, , , , , , , , , ,72.7,63.6
08114,16.8,16.1,11.5,6.8,29.4,8.3,14.8,50.2,15.7,14.3,27.9,10.4,34.5,40.4,48.3,29.4,16.4,17.7,13.3,7.2,30.2,11.2,17.5,49.4,15.4,16.7,23.8,9.8,28.9,38.4,50.3,30.2,22.1,23.6,21.9,10.0,38.9,15.3,17.2,43.3,19.1,18.2,27.6,11.2,28.2,36.3,55.0,38.9,16.4,16.8,15.5,7.5,30.1,12.9,17.5,47.0,16.3,18.6,24.6,11.3,28.7,36.6,45.9,30.1,17.8,18.4,17.2,9.1,31.4,13.1,16.9,45.1,13.9,17.2,22.1,12.3,26.4,32.7,44.8,31.4
08115,4.5,4.4,3.4,3.2,9.6,7.5,8.9,42.7,21.1,15.1,48.8,18.8,38.1,46.0,16.8,9.6,4.4,4.4,2.5,4.4,7.5,7.9,11.9,40.0,18.0,16.7,42.4,13.1,33.7,42.3,20.2,7.5,2.4,2.4,3.1,3.4,7.3,6.9,10.0,43.5,19.6,16.2,39.7,13.5,35.8,46.5,17.3,7.3,2.5,2.6, ,2.0,5.6,8.4,10.3,39.6,17.2,13.8,42.7,15.2,35.6,43.3,13.4,5.6,5.6,6.6,5.3,5.6,9.6,13.8,14.0,39.0,14.2,15.4,41.7,20.5,34.0,41.6,17.8,9.6
08116,5.5,5.2,5.6,5.3,9.2,10.4,11.7,39.8,13.9,12.5,36.8,10.7,38.8,48.6,16.9,9.2,4.8,4.9,4.5,3.5,7.2,8.6,10.8,40.0,12.1,10.7,36.2,10.9,42.6,51.1,11.8,7.2,4.5,4.3,4.2,4.5,6.4,9.5,13.0,37.1,13.2,8.6,30.5,9.2,33.1,47.3,17.0,6.4,3.2,5.1,4.4,3.4,7.9,8.2,10.9,46.6,13.5,7.2,35.8,12.5,42.7,54.5,14.3,7.9,2.8,3.4,3.7,4.5,6.6,8.7,9.7,44.2,11.6,10.0,34.4,11.4,38.4,50.8,13.0,6.6
09103,3.2, ,2.3, ,3.5,7.4,9.6,56.8,12.1,6.1,37.2,15.0,51.3,60.5,10.4,3.5,7.5,8.4,8.1,7.1,12.0,8.4,10.9,48.3,9.4,9.3,38.5,10.2,42.7,61.0,21.6,12.0,6.8,7.2,5.6,6.1,11.4,5.8,7.3,61.5,14.2,7.2,36.5,11.7,51.6,62.5,21.4,11.4,5.4, ,3.1,5.2,5.4,8.7,9.2,51.8,11.7,8.3,40.4,8.3,41.9,57.7,13.8,5.4,7.6,7.7,6.7,8.2,11.6,10.5,12.6,40.7,11.6,14.4,33.6,12.5,39.9,56.8,16.8,11.6
09106,12.2,11.3,12.2,5.3,26.6,8.0,12.2,63.9,15.5,8.4,35.6,12.4,38.6,52.0,45.3,26.6,9.1,9.9,7.8,3.9,21.0,6.5,13.4,62.0,14.4,7.3,34.2,11.1,39.2,53.0,39.5,21.0,10.6,12.6,13.3,5.6,23.3,8.2,13.6,65.5,17.5,10.2,38.0,14.4,43.1,54.5,43.3,23.3,6.3,9.8,8.2,3.9,19.5,5.8,8.7,68.9,14.8,7.5,34.1,13.7,39.2,55.9,38.4,19.5,9.6,14.2,12.1,4.7,22.9,8.3,13.2,60.0,15.4,9.4,34.5,12.9,38.2,52.8,40.8,22.9
10109,4.7,3.4,4.0,3.2,8.4,6.4,10.6,38.3,18.8,21.6,45.2,14.2,30.3,40.3,29.4,8.4,5.3,5.2,4.9,5.5,10.7,10.2,14.6,40.6,15.4,23.2,44.1,14.3,31.2,39.0,28.4,10.7,4.2,4.5,4.6,5.0,10.3,8.7,11.7,41.1,20.5,19.2,45.6,22.2,32.5,43.5,29.8,10.3,4.5,5.6,5.1,4.6,10.8,11.3,15.5,37.7,19.6,19.8,42.7,14.2,31.3,41.2,25.0,10.8,3.7,4.0,3.3,3.3,8.4,8.0,12.4,42.8,20.4,16.9,40.0,16.0,31.6,43.9,21.4,8.4
10112,17.0,20.2,16.3,6.8,36.7,10.7,13.9,45.1,17.5,17.7,27.2,12.8,28.0,36.8,54.7,36.7,17.4,16.6,13.2,7.8,31.3,11.9,17.0,46.9,16.2,16.1,24.3,13.3,27.8,36.2,49.9,31.3,16.9,16.2,12.4,7.9,32.8,11.1,16.7,45.7,11.7,16.7,21.4,10.2,25.1,32.7,53.4,32.8,13.5,18.0,13.6,6.6,31.2,11.1,15.4,44.7,14.3,18.6,23.2,12.5,27.8,36.3,45.6,31.2,14.9,17.8,15.0,8.5,33.1,13.8,17.6,41.4,13.9,20.5,24.8,11.1,21.1,30.7,44.1,33.1
10118, , , , , , , , , , , , , , , , , , , , , , , , , , , , , , , , , , , , , , , , , , , , , , , , , , , , , , , , , , , , , , , , , , , , , , , , , , , , , , , , 
10122,9.3,10.0,9.2,8.6,15.2,14.2,14.8,35.2,14.6,21.2,40.3,13.1,32.1,40.6,33.1,15.2,8.1,9.1,7.4,6.1,14.2,11.6,14.0,31.6,13.4,19.1,37.1,11.5,34.1,42.2,25.4,14.2,6.8,6.8,6.8,8.4,12.4,10.0,13.6,40.4,18.6,19.0,41.9,15.0,30.0,42.7,26.0,12.4,6.7,7.9,7.8,8.4,13.3,11.7,12.9,35.2,16.9,22.6,37.2,13.1,31.4,39.5,22.6,13.3,6.6,7.3,5.9,6.2,10.5,12.0,13.8,38.2,18.3,13.7,36.2,15.4,38.3,51.1,20.3,10.5
10130, , , , , , , , , , , , , , , , , , , , , , , , , , , , , , , , ,18.1,22.9,17.3,9.9,40.2,14.8,17.3,41.6,18.1,22.8,33.8,14.2,25.4,32.5,59.0,40.2, , , , , , , , , , , , , , , , , , , , , , , , , , , , , , , , 
15101,8.8,10.2,10.2,9.9,15.4,11.5,15.2,48.0,19.2,12.6,45.5,12.1,38.8,53.9,26.4,15.4,7.4,8.3,9.6,8.3,11.2,15.4,11.2,36.7,14.5,18.7,49.4,13.1,39.1,50.4,18.2,11.2,6.6,5.8,5.4,4.4,8.0,10.1,10.7,45.3,19.7,13.3,41.5,15.9,45.2,54.4,12.9,8.0, , , , , ,6.3,7.3,43.0,20.4,7.3,50.3,16.5,50.3,60.0,14.3, , , , , , ,7.4,8.9,47.2,21.4, ,45.1,18.8,43.7,62.4,7.4, 
16111,4.8,5.2,4.6,3.9,10.8,8.3,14.4,40.2,18.9,18.2,41.6,12.2,30.9,39.9,28.0,10.8,4.9,6.2,5.6,5.4,10.6,8.8,9.8,37.1,17.3,20.9,41.8,14.3,29.3,39.6,23.4,10.6,3.6,3.9,5.4,3.8,8.3,10.0,11.4,40.1,19.2,21.8,44.3,14.2,36.4,48.9,21.3,8.3,6.1,5.5,4.9,4.1,8.6,11.4,12.7,35.0,17.4,22.3,37.6,15.4,28.8,37.4,19.3,8.6,4.6,4.6,4.8,3.4,7.5,10.3,11.3,38.7,19.7,20.1,39.8,14.3,36.5,46.3,17.7,7.5
16112,11.5,15.0,10.1,4.3,28.6,9.7,16.1,46.1,13.9,26.0,25.2,7.3,24.2,35.3,50.0,28.6,11.8,10.6,8.9,5.8,24.8,8.2,17.0,50.9,13.3,18.7,26.2,9.2,28.8,39.2,53.6,24.8,6.7,9.3,7.5,3.8,20.1,6.2,13.3,56.7,17.0,12.6,31.0,11.8,33.2,46.0,42.2,20.1,10.6,13.4,10.5,3.9,23.4,6.6,10.8,54.5,14.6,16.3,26.6,10.2,32.4,39.9,43.3,23.4,9.5,13.7,13.1,6.4,25.0,10.2,11.4,47.0,13.8,14.8,22.4,10.5,26.3,32.5,43.7,25.0
17110,12.2,13.7,11.8,6.3,27.1,11.1,14.9,47.7,15.1,21.0,22.4,9.0,25.0,35.4,43.9,27.1,14.5,15.5,13.7,9.0,28.1,13.3,15.4,44.5,14.5,15.6,21.5,8.2,27.6,35.7,44.9,28.1,14.9,18.9,16.9,9.5,32.4,13.3,17.2,44.4,18.6,19.0,24.8,15.1,31.8,40.0,48.6,32.4,12.9,17.8,15.9,7.8,29.5,12.2,19.8,49.2,18.3,15.6,28.6,11.2,30.5,41.8,48.9,29.5,14.8,22.3,19.1,9.7,38.8,13.8,17.6,44.7,17.0,15.5,26.9,12.0,28.9,37.6,51.6,38.8
17117,8.2,9.6,8.5,4.9,18.1,11.2,14.8,43.5,14.6,16.5,34.5,14.0,33.5,44.2,27.3,18.1,7.4,8.6,7.7,7.3,14.8,11.6,12.4,43.3,20.3,13.8,39.4,15.6,41.2,48.9,22.5,14.8,5.2,6.6,5.9,5.0,13.5,8.6,10.1,54.5,25.8,10.0,35.1,16.4,40.7,54.8,21.5,13.5,3.6,2.5,2.8,3.2,6.6,7.6,5.6,47.8,19.5,10.9,40.9,12.5,42.3,54.5,15.1,6.6,2.1,1.7,2.0,2.3,3.6,10.5,8.7,45.9,17.3,10.1,41.0,14.7,43.6,58.8,9.2,3.6
17701,6.7,14.0,12.4,3.8,27.1,8.9,14.1,45.4,16.1,15.0,30.3,11.7,36.8,45.5,49.2,27.1,9.1,13.3,10.5,5.1,26.9,9.9,14.2,50.8,17.6,14.2,25.3,10.3,38.6,45.3,47.1,26.9,11.0,14.1,9.7,4.6,27.2,9.4,14.0,46.2,15.9,16.9,27.1,11.5,40.2,46.6,46.9,27.2,13.0,19.0,16.0,6.5,32.4,9.8,13.6,45.0,16.2,16.2,25.6,11.0,35.4,39.6,50.9,32.4,12.0,16.0,11.9,6.8,29.2,10.6,13.7,47.2,17.5,15.0,24.7,9.2,35.8,43.2,46.1,29.2
18101, , , , , , , ,52.0,12.2, ,48.8,13.6,30.2,50.4,21.4, , , , , , , , ,54.4,15.5, ,50.5,11.9,27.2,53.4,10.7, , ,13.3,11.1, ,19.4, ,15.2,34.0,17.2, ,54.5,12.5,23.2,58.6,28.3,19.4, , , , , ,10.6,10.6,45.2,22.3, ,36.7, ,34.0,64.5, , , , , , , , , ,53.1,20.8, ,42.6,11.3,28.9,56.3, , 
19111,15.1,19.9,14.5,6.0,34.1,9.6,14.9,48.1,16.8,18.7,21.6,10.9,19.0,29.2,51.3,34.1,21.6,23.8,16.3,7.9,37.2,11.0,15.1,44.9,16.3,16.5,23.6,11.7,19.8,29.3,49.2,37.2,15.1,21.8,14.7,9.1,34.6,12.9,16.9,48.8,15.5,18.6,25.3,11.6,23.7,33.5,54.0,34.6,11.4,17.8,14.6,6.1,30.6,11.5,16.4,55.5,16.2,16.5,25.8,12.4,30.0,38.0,44.4,30.6,13.5,20.6,16.6,6.4,33.1,13.6,15.2,43.6,17.1,18.1,22.0,10.9,25.1,35.2,46.5,33.1
19114,2.0,1.9,2.0,2.9,4.1,8.4,8.5,41.6,21.5,12.9,47.8,15.0,37.3,44.1,16.6,4.1,3.6,4.5,4.4,4.3,7.8,8.4,11.9,38.7,17.6,14.4,47.1,16.8,35.4,47.8,13.6,7.8,4.4,3.4,3.3,4.1,6.9,9.2,9.7,40.1,16.2,14.0,39.7,14.7,35.5,47.5,14.4,6.9,1.4,2.3,2.4,1.6,3.5,9.2,8.5,44.2,19.0,11.7,44.1,16.6,42.8,54.0,10.4,3.5,2.1,1.9,1.9,2.6,4.0,10.4,6.7,47.7,21.2,12.3,48.1,17.0,45.0,51.8,8.3,4.0
20103,2.8,3.9,3.9,3.8,6.9,7.5,8.9,49.7,19.3,9.9,54.3,15.7,47.9,56.3,13.6,6.9,2.6,2.8,2.8, ,4.7,9.2,8.6,45.5,20.1,13.9,49.3,13.4,40.7,53.8,10.1,4.7,3.5,4.6,4.6,3.0,7.0,12.8,10.2,45.5,17.9,11.3,46.2,14.1,41.1,55.2,12.8,7.0,2.9,4.0,3.2,2.3,7.4,9.6,9.4,49.3,22.1,8.5,45.9,13.7,40.8,57.0,12.0,7.4, ,2.4, ,2.4,5.0,9.1,9.5,45.3,23.2,7.4,45.9,14.3,39.5,56.8,9.3,5.0
20104,12.8,18.1,12.0,6.1,31.5,8.8,11.3,54.9,21.1,13.2,25.7,13.9,22.6,37.6,49.1,31.5,7.0,15.1,7.0,3.8,26.4,5.8,10.8,62.7,18.2,11.9,31.9,15.2,32.3,51.5,43.6,26.4,8.7,11.2,10.1,4.7,24.9,9.3,12.4,66.6,20.6,12.4,29.4,15.9,31.3,48.2,43.4,24.9,7.1,11.7,9.7,4.5,25.1,8.5,11.6,69.7,20.6,10.8,34.1,15.0,34.6,51.2,44.1,25.1,7.0,12.8,9.7,4.1,24.6,8.2,10.2,62.4,18.8,10.0,33.8,13.8,30.6,47.2,37.7,24.6
21106,3.1,3.5,2.8,3.9,7.5,12.8,16.1,33.2,14.3,28.1,34.0,18.6,25.7,37.3,18.5,7.5,2.3, , , ,4.8,8.5,14.4,34.1,17.9,30.1,37.2,17.2,28.6,35.0,14.7,4.8,2.0,3.8,2.3,2.3,7.6,11.4,13.4,36.9,22.5,33.9,42.2,15.5,34.6,38.5,16.4,7.6, ,2.3,3.2,2.1,7.1,8.4,14.8,37.9,17.9,31.6,44.9,14.6,28.6,39.3,16.7,7.1,3.2,3.7,3.7,3.0,10.0,8.2,14.5,37.7,14.9,27.4,41.1,24.9,31.2,41.0,17.6,10.0
21111,13.7,18.5,14.5,7.1,35.1,12.5,19.7,41.5,15.2,18.9,24.2,14.1,19.5,30.2,49.7,35.1,15.3,20.8,15.1,7.6,38.3,11.9,14.4,36.5,10.8,21.6,26.0,13.6,23.5,32.8,52.8,38.3,10.5,15.9,15.9,6.3,34.9,12.0,16.7,39.8,14.7,18.9,23.6,16.6,24.9,34.4,48.5,34.9,13.1,17.7,13.5,6.8,37.4,12.7,18.4,38.6,14.7,21.7,21.1,14.2,26.0,34.6,48.3,37.4,16.8,17.7,12.8,7.9,32.5,14.2,19.3,42.7,14.8,17.4,22.4,13.4,27.5,36.3,43.8,32.5
21117,10.0,14.2,11.1, ,33.5,6.5,12.9,51.5,24.0,11.2,47.8,20.9,36.1,42.2,52.0,33.5,8.6,14.4,12.7, ,25.1,9.3,8.7,58.5,25.1,12.2,48.2,28.0,41.0,45.3,42.5,25.1,8.8,14.9,10.7,5.7,28.6,8.5,10.2,55.2,21.2,13.1,48.1,28.9,39.9,50.3,49.2,28.6,7.0,14.3,11.2, ,26.8,6.6,7.9,51.5,15.4,10.5,50.0,25.0,41.3,53.0,43.2,26.8,9.4, ,6.6, ,21.4,6.4,10.9,57.0,17.0,7.0,43.9,24.0,47.7,52.9,35.7,21.4
22101, , , , ,32.6, , ,57.4, , ,36.2, ,28.9,48.9,52.3,32.6, , , , , , , ,53.7, , ,43.9, ,31.7,60.0,41.5, , , , , , , , ,38.7, , ,43.8, , ,53.6,53.6, , , , , ,47.4, , ,43.6, , ,36.8, ,25.6,68.4,64.1,47.4, , , , ,50.0, , ,54.5, , , , , , ,65.0,50.0
23105,6.1,7.1,6.4,5.0,9.0,9.6,14.6,41.3,16.4,10.3,37.4,10.5,35.1,46.0,18.8,9.0,4.5,5.7,4.6,3.4,7.7,8.0,11.4,44.0,16.5,12.2,37.3,10.0,35.8,51.4,15.6,7.7,2.5,4.2,2.8, ,5.8,9.7,9.7,37.2,12.7,12.0,32.8,11.4,32.4,45.0,16.6,5.8,3.2,3.6,3.0,2.6,5.4,12.2,9.0,43.4,13.3,11.7,34.3,6.6,35.3,52.4,12.4,5.4, , , , ,4.3,5.2,7.5,44.6,11.5,9.5,29.2,10.2,44.7,56.6,7.5,4.3
23108,17.4,20.1,14.0,6.7,35.2,9.8,16.0,52.1,15.0,14.2,27.4,10.3,25.1,37.8,51.8,35.2,15.9,18.9,13.3,7.4,32.7,10.5,15.2,51.6,14.7,14.1,25.8,10.7,27.1,38.4,45.9,32.7,17.8,20.6,15.9,7.7,34.5,12.7,14.9,52.9,17.6,13.7,27.2,11.2,28.8,39.3,51.3,34.5,16.0,20.9,17.7,8.9,36.7,14.4,17.9,51.9,17.1,13.8,25.5,11.5,29.7,41.4,52.9,36.7,15.8,17.8,15.3,7.0,33.2,11.4,17.2,54.7,15.2,13.7,25.3,13.5,31.8,44.2,46.8,33.2
23112,6.0,7.6,6.7,4.1,13.3,12.8,13.3,46.2,20.7,11.0,41.2,17.3,36.8,49.1,22.8,13.3,5.8,5.9,5.4,6.3,9.2,8.7,11.8,45.9,15.9,13.7,39.1,11.8,38.4,50.7,17.2,9.2,5.9,5.8,6.3,4.0,8.1,10.4,13.3,39.4,14.0,12.1,35.3,10.5,35.9,48.5,17.0,8.1,2.5,2.7,2.4,2.9,5.5,7.5,9.7,38.1,14.2,12.7,34.7,13.0,38.2,51.7,13.8,5.5,2.9,4.0,3.1,2.8,6.8,9.3,9.9,46.4,17.0,8.5,36.2,13.2,37.7,50.9,13.3,6.8
23601, , , , , , , , , , , , , , , , , , , , , , , ,79.2, , ,69.6,41.7,83.3,91.7, , , , , , , , , ,58.6, , ,76.7,39.3,69.0,82.8, , , , , , , , , ,85.7,57.1, ,90.0, ,76.2,76.2, , , , , , , , , ,73.9, , ,80.0, ,69.6,78.3, , 
24105,13.9,14.8,13.2,5.3,27.7,9.4,13.7,51.9,16.8,18.1,30.2,14.2,28.1,34.6,48.1,27.7,13.9,14.4,12.2,6.3,26.6,8.6,13.3,47.4,17.2,16.0,30.7,12.0,28.2,41.2,47.2,26.6,12.3,16.6,13.9,8.0,31.0,9.5,13.8,49.4,18.0,15.4,30.9,12.3,31.2,43.4,53.2,31.0,11.7,16.2,13.0,7.4,32.2,10.8,12.9,48.4,17.8,16.4,27.5,11.1,32.0,40.6,49.6,32.2,11.0,13.5,10.1,6.5,26.5,8.4,12.7,50.9,18.2,15.8,29.8,10.8,33.4,41.3,44.4,26.5
24111,4.2,4.0,3.7,3.4,7.4,10.9,12.6,32.6,13.2,16.7,44.6,15.1,41.7,46.6,20.5,7.4,4.6,6.3,6.9,4.4,9.6,9.8,12.4,34.2,18.5,20.3,45.4,17.3,37.8,48.4,18.1,9.6,3.2,3.7,3.3,4.7,7.1,9.5,11.2,33.2,18.1,17.8,38.3,16.5,33.8,43.8,17.7,7.1,2.9, , , ,4.6,8.8,12.0,49.1,24.6,19.0,48.4,23.7,38.1,50.4,15.3,4.6,3.0,4.2,4.0,3.1,6.7,12.2,13.6,41.2,19.5,17.8,45.5,16.7,33.7,42.4,15.9,6.7
24112,3.6,4.5,5.0,4.7,8.9,11.0,9.1,39.9,17.8,18.5,44.8,13.9,34.0,47.6,27.6,8.9,5.2,4.8,5.1,4.5,7.1,9.5,11.6,39.0,20.7,17.6,48.6,15.1,40.2,54.0,21.0,7.1, ,2.9, , ,5.0,6.6,9.8,39.8,13.2,14.5,45.3,11.5,40.0,48.9,19.8,5.0, , , ,3.5,4.4,9.7,12.0,34.3,18.2,15.6,46.3,17.2,38.1,47.2,16.5,4.4,3.2, , , ,3.0,5.1,7.9,33.4,14.3,12.4,41.8,12.8,44.9,56.3,12.7,3.0
25108,12.0,15.2,12.3,6.0,24.8,11.6,12.7,51.3,15.6,13.4,28.9,12.9,30.9,42.7,34.7,24.8,8.6,10.7,8.0,5.2,20.7,10.8,12.8,49.1,15.4,14.5,28.7,12.9,28.6,44.5,33.8,20.7,8.4,10.1,8.1,5.8,19.1,11.4,12.3,51.8,16.2,12.8,30.7,14.3,30.1,45.8,34.3,19.1,9.5,11.9,10.3,6.0,21.0,11.5,12.6,52.3,12.8,15.7,30.8,14.1,30.3,44.4,33.2,21.0,6.6,11.0,7.6,4.8,18.7,8.6,12.7,55.6,17.7,11.7,33.8,14.8,31.1,49.9,31.5,18.7
26103,2.8,2.9,3.8,4.3,7.4,12.1,16.6,24.3,12.8,38.1,44.5,18.9,38.4,41.8,21.8,7.4,4.4,3.1,3.2,4.7,9.3,11.3,16.0,29.4,16.3,42.8,44.3,20.2,35.3,34.5,20.5,9.3,3.5,2.9, ,3.9,7.1,12.4,18.4,24.9,14.1,44.7,42.0,21.0,36.3,40.7,18.3,7.1,5.4,5.7,3.7,3.0,14.4,15.6,15.8,29.1,12.6,42.0,40.3,20.3,31.2,36.8,25.5,14.4,4.0,5.6,4.9,5.6,16.6,15.1,16.7,29.5,12.7,36.6,41.7,18.6,37.3,37.5,29.4,16.6
26105,15.2,12.7,9.3,5.4,24.2,9.5,18.4,34.8,10.6,29.8,17.3,8.8,21.4,25.9,43.9,24.2,13.0,10.7,9.2,6.3,23.5,10.1,17.8,33.6,8.7,24.4,17.1,10.0,19.7,27.1,39.9,23.5,12.9,10.6,7.6,5.2,19.8,9.1,15.2,34.3,8.8,25.8,17.7,9.5,22.7,30.8,35.2,19.8,8.8,8.8,8.1,3.5,18.6,8.8,12.5,38.9,8.5,22.6,18.9,10.0,24.9,33.3,38.1,18.6,11.6,10.2,8.3,6.2,20.7,9.9,15.4,37.2,9.0,26.1,17.3,9.1,22.8,30.8,38.1,20.7
26106,4.0,2.7,3.0,1.9,7.1,6.8,12.2,27.3,16.1,33.7,42.9,15.9,35.1,37.5,20.9,7.1,2.5,4.3,4.5,2.3,9.0,6.8,13.8,31.0,16.8,32.2,42.8,15.1,31.2,33.6,26.5,9.0,2.7,2.0,2.7,2.2,6.9,8.4,12.4,31.7,16.8,34.4,44.0,17.9,37.3,39.6,19.7,6.9,1.7,1.7,2.3, ,6.3,8.5,15.4,28.4,12.6,30.9,38.1,15.6,33.1,38.6,18.1,6.3,2.7,3.8,4.5,2.4,9.7,10.7,12.5,32.0,16.7,28.7,33.3,15.2,30.3,34.1,21.6,9.7
26107,9.1,7.9,7.7,7.8,13.9,12.3,19.5,26.6,13.1,23.8,33.9,14.4,23.1,32.6,29.3,13.9,6.9,5.7,5.1,5.7,12.6,11.3,16.0,30.6,15.2,25.8,33.7,16.1,22.7,28.8,26.7,12.6,14.6,16.7,16.8,12.9,23.3,20.7,22.5,29.7,10.3,35.7,29.0,14.5,16.4,20.6,38.7,23.3,4.8,3.5,4.3,5.4,10.4,12.4,21.4,32.7,11.3,40.6,31.6,11.3,19.0,26.1,27.4,10.4,4.3,3.8,5.2,4.9,9.2,12.8,15.2,34.6,14.4,29.0,31.1,14.4,24.1,34.1,19.7,9.2
26118,7.7,10.3,7.9,6.5,21.4,12.2,15.0,30.7,14.9,31.5,28.4,14.7,32.8,34.7,35.7,21.4,5.9,9.1,9.3,4.3,21.8,11.3,13.2,34.3,16.8,23.1,30.2,17.5,29.8,33.1,39.0,21.8,4.9,7.3,7.9,4.6,24.3,14.1,15.4,29.5,15.7,23.4,31.9,15.2,30.8,33.5,39.0,24.3,5.5,8.0,6.5,3.4,23.9,11.4,13.6,31.0,17.2,21.8,35.7,17.0,29.4,34.6,38.0,23.9,4.3,7.0,5.4,3.9,20.3,10.6,14.1,34.9,15.1,26.6,31.8,14.2,29.7,35.1,34.2,20.3
26602, ,11.9, , ,28.8, ,17.1,48.8,29.8,17.9,68.1,31.7,40.7,42.5,47.9,28.8, , , , ,19.6, ,10.7,53.8,30.8,31.1,64.1,34.3,41.3,43.3,41.8,19.6, , , , ,25.7,9.3, ,57.1,31.9,20.7,62.4,27.8,34.3,37.7,46.7,25.7, , , , ,19.3, , ,58.3,33.3,9.2,68.6,35.6,39.0,45.3,31.9,19.3, , , , ,15.6, , ,78.9,43.3,11.7,67.5,40.5,50.0,56.3,39.8,15.6
27106,16.1,16.1,13.4,5.8,30.2,10.6,19.6,61.2,14.4,10.3,26.0,9.8,27.9,42.8,52.5,30.2,15.7,17.9,13.2,4.6,32.3,8.1,15.8,62.3,16.6,12.3,27.8,12.5,31.7,45.6,54.3,32.3,13.5,14.8,11.0,5.3,27.5,10.2,18.5,61.0,17.3,9.9,26.7,12.6,34.4,44.7,45.1,27.5,13.2,16.8,14.8,6.1,29.3,8.7,15.4,60.1,14.4,10.7,24.1,14.8,28.7,45.1,50.8,29.3,11.8,14.3,14.6,6.7,27.2,10.4,15.6,59.4,18.3,11.2,27.2,13.3,26.8,39.8,42.8,27.2
27112,3.4,4.2,3.4,2.7,6.8,9.0,9.1,40.9,15.6,9.1,39.3,13.1,31.8,40.2,14.2,6.8,1.8,2.1,1.9,2.3,3.7,7.5,9.9,42.1,16.6,9.2,38.0,11.9,30.8,46.8,10.5,3.7,1.3,1.9,1.6,2.0,3.7,7.3,8.0,41.8,13.7,7.3,34.8,10.6,28.1,40.7,15.3,3.7,2.6,2.0,1.9,2.7,4.9,7.1,8.2,40.5,17.4,8.2,39.8,11.5,36.2,48.6,12.3,4.9,5.0,5.8,6.7,6.0,10.9,11.0,13.3,44.4,13.0,11.0,31.4,12.6,24.9,44.7,20.2,10.9
28111, , , , , , , , , , , , , , , , , , , , , , , , , , , , , , , , , , , , ,47.8, , , , , ,54.2, ,45.8, ,56.5,47.8, , , , , , , , , , ,56.0, , , ,66.7, , , , , , , , , , , , , , , , , 
28113, , , , , , , , , , , , , , , , , , , , , , , , , , , , , , , , , ,9.6, , ,24.3,8.9,13.6,17.3,10.9,20.6,27.4,11.6,27.9,28.6,42.2,24.3,9.6,8.3,9.9,7.1,22.0,13.6,21.7,23.1,14.4,27.2,28.9,9.7,21.7,22.4,37.1,22.0,8.1,11.6,10.5,4.9,27.4,12.2,14.6,21.7,12.3,21.8,25.3,10.5,20.3,23.0,39.4,27.4
28119, , , , , , , , , , , , , , , , , , , , , ,16.1, ,34.9,20.6,23.4,68.2,20.0,75.4,48.5,23.8, , , , , ,28.2,31.6, ,41.4,39.3,37.0,69.2,46.7,67.4,69.6,39.0,28.2, , , , , , , , , , , , , , , , , , , , , , , , , , , , , , , , 
28137,3.7,3.2,3.9,3.1,8.7,12.9,14.7,25.0,14.9,37.5,47.5,24.5,45.1,42.4,19.7,8.7,2.5,6.8,6.0,3.1,13.3,12.7,11.3,23.0,14.4,34.8,53.1,25.6,35.0,37.6,24.6,13.3,3.9,3.7,4.1,3.7,9.8,12.1,15.8,19.8,14.3,37.6,41.1,21.5,34.4,35.8,20.2,9.8,4.9,9.0, , ,15.1,14.2,16.6,20.8,11.2,38.6,35.2,20.9,35.1,37.5,24.1,15.1, , , , ,7.1,10.2,14.7,28.3,17.9,33.4,46.7,22.7,36.4,40.7,15.2,7.1
28139,8.5,7.9,8.8,2.9,20.2,9.8,12.2,24.8,10.8,23.4,30.8,13.9,29.0,32.5,41.4,20.2,6.3,7.8,8.0,3.4,21.0,10.3,12.1,23.1,10.4,22.3,28.8,15.6,28.2,33.9,38.8,21.0,7.4,8.1,6.2,3.5,20.3,8.7,14.6,24.2,9.5,26.3,25.5,13.6,29.0,32.9,39.8,20.3,5.8,6.6,6.3,3.1,18.4,8.2,8.8,30.3,13.8,20.9,26.9,15.9,34.5,38.6,36.4,18.4,5.1,9.7,10.3,4.4,24.7,10.6,12.1,23.0,8.6,19.5,27.9,15.3,30.0,33.6,39.5,24.7
28143,6.3,5.5,5.4,4.9,13.9,14.7,15.4,16.7,11.1,36.7,43.7,19.6,32.7,28.5,33.6,13.9, ,4.0,4.0,3.1,16.8,13.7,17.6,14.9,9.8,39.3,41.8,18.4,35.7,35.3,28.2,16.8,5.6,5.7,5.1,5.4,22.5,12.3,15.6,17.0,9.9,38.9,38.8,19.7,33.6,34.0,33.7,22.5, , , , , , , , , , , , , , , , , , , , , , , , , , , , , , , , 
28144,1.9,3.2,3.0,3.7,9.3,10.2,13.9,22.0,13.4,39.5,50.6,23.4,34.9,35.5,24.0,9.3,2.9,2.7,3.2,5.0,7.8,11.2,9.9,21.5,15.1,35.0,48.4,19.8,43.4,42.5,17.8,7.8,1.6,2.0,2.2, ,7.2,8.5,12.5,18.6,13.5,35.3,44.3,21.8,36.1,41.0,16.2,7.2,3.0,4.2,4.0,4.9,10.3,14.4,14.8,20.9,9.8,37.1,40.1,23.5,34.2,34.1,23.3,10.3,3.0,3.3,4.4,5.2,9.7,13.0,16.6,22.5,14.3,38.3,40.9,21.6,34.5,37.6,24.7,9.7
28145,3.5,5.7,4.7,4.7,9.9,10.6,15.3,31.4,13.1,25.7,36.3,17.6,38.2,41.3,20.6,9.9,5.4,5.4,6.1,4.3,12.0,9.2,12.1,29.1,10.1,25.8,38.3,19.2,39.8,46.0,22.8,12.0,6.1,4.2,4.6,5.9,8.7,9.3,13.3,24.4,9.7,34.0,31.7,14.6,33.8,35.3,23.2,8.7,5.6,5.4,6.6,3.5,13.2,9.4,14.3,23.4,9.3,28.1,32.2,12.8,33.5,36.6,23.7,13.2,6.9,7.7,7.9,7.5,16.2,12.4,16.1,29.2,9.9,23.0,29.5,19.0,38.1,42.9,28.2,16.2
28146,3.6,4.3,4.7,3.1,11.0,11.2,15.5,14.7,10.5,36.4,46.2,21.0,47.5,42.9,22.4,11.0,3.6,4.9,4.1,3.1,12.3,14.1,14.1,19.2,11.8,34.7,45.4,25.3,45.3,40.9,20.0,12.3, ,2.5,3.4,3.4,8.9,14.7,12.2,17.9,10.7,41.2,46.2,18.1,37.1,33.2,22.1,8.9,3.5,3.5,3.9,5.6,11.9,15.6,16.8,20.7,12.3,41.5,46.6,21.2,33.9,31.4,24.0,11.9,2.2,3.8,3.0,3.3,9.5,11.3,12.4,17.9,11.7,37.5,45.5,22.6,40.8,41.6,17.6,9.5
28147, ,2.8,2.7,3.5,7.2,14.2,13.6,21.9,10.5,35.5,53.4,24.7,41.6,41.7,22.7,7.2,2.2,1.9,3.9,4.1,6.2,13.7,14.3,19.5,12.1,40.5,49.3,24.3,45.1,44.5,19.2,6.2,3.9,4.8,4.8,3.4,9.8,12.8,12.9,16.9,10.6,41.5,38.7,21.3,36.4,34.4,24.9,9.8,2.5,2.9,3.3,2.0,9.1,9.0,14.3,19.9,12.7,37.7,41.2,21.1,32.0,36.4,22.1,9.1,2.6,3.5,4.0,3.2,9.8,14.3,15.3,16.7,12.0,33.6,39.8,16.8,37.7,44.1,23.6,9.8
28150,8.6,8.9,10.7,5.7,23.5,9.7,14.4,26.0,12.0,24.6,26.0,12.2,26.8,30.9,42.4,23.5,7.2,8.8,5.7,4.2,19.9,10.3,14.8,29.3,10.9,24.6,28.2,12.0,30.6,35.0,37.5,19.9,8.1,10.2,8.5,4.8,24.4,11.6,13.0,25.5,12.1,24.8,25.9,14.3,31.5,34.0,39.9,24.4,7.3,8.4,8.4,4.1,23.3,9.2,13.5,26.5,13.2,21.8,24.8,15.3,31.6,34.2,39.6,23.3,8.7,11.0,9.5,4.5,24.9,12.5,14.8,24.1,11.6,25.1,25.0,13.6,26.8,29.5,39.7,24.9
28152, , , , , , , , , , , , , , , , , , , , , , , , , , , , , , , , ,11.9, , , ,19.6, ,14.7,27.0, ,31.2,23.6,17.0,29.4,29.1,50.0,19.6, , , , , , , , , , , , , , , , , , , , , , , , , , , , , , , , 
28164,13.5,14.0,11.7,6.5,25.2,8.6,16.9,49.4,9.2,10.0,20.2,8.8,33.3,41.8,45.9,25.2,8.4,9.6,7.9,4.6,20.2,6.3,17.2,53.6,8.5,9.5,21.3,9.4,39.6,48.9,38.8,20.2,12.4,12.6,11.0,7.0,23.2,9.1,19.6,51.5,10.2,8.8,22.4,10.2,40.4,50.6,45.1,23.2,10.5,12.9,10.7,6.4,24.7,10.4,18.6,49.9,9.8,10.2,18.2,9.8,39.1,50.9,45.1,24.7,9.4,12.4,10.3,6.2,24.8,8.5,19.6,44.9,9.9,9.8,23.1,9.8,39.8,51.4,38.5,24.8
28167, , ,8.8, ,13.8, ,7.9,34.9,17.5,26.8,47.2,31.5,60.3,50.0,34.6,13.8, ,14.5,8.5, ,27.4,11.0,14.3,26.4,16.5,30.1,45.9,21.8,30.0,35.6,41.5,27.4, , , , ,24.4,13.3,13.3,27.9,21.7,28.1,48.8,19.7,40.8,48.3,41.7,24.4, , , , ,17.8,8.3,9.0,40.9,19.3,17.6,54.0,25.6,45.9,47.8,40.5,17.8, , , , ,8.8, ,11.1,46.0,29.1,33.9,54.0,33.9,53.2,54.5,32.0,8.8
28168,12.0,21.7,13.6, ,44.6,23.9,17.6,15.5, ,32.3,25.5,16.9,17.0,12.5,58.3,44.6, , , , ,27.0, , ,23.5, , ,27.6, ,26.2,23.8,35.1,27.0, , , , , , , ,48.1, , , , , ,50.0,50.0, , , , , , , , , , , , , , , , , , , , , , , , , , , , , , , , , 
28170,4.3, ,3.2, ,8.6,5.0,11.6,42.8,17.2,25.9,44.3,26.5,39.3,44.0,27.8,8.6,4.9,5.2,5.6,3.9,10.5,9.2,14.4,44.2,14.7,20.7,44.6,24.6,37.7,49.2,29.6,10.5, ,5.2,4.9,4.0,10.4,9.5,13.7,46.8,16.3,23.5,45.2,21.1,39.3,50.2,27.9,10.4, , ,3.3, ,6.0,6.1,11.4,52.2,19.9,14.5,46.2,28.4,41.5,51.9,24.9,6.0, , ,2.9, ,6.7,6.9,14.2,48.7,18.7,13.4,44.0,24.9,37.9,49.7,19.0,6.7
28172, ,2.6,4.0,4.9,7.5,11.1,8.3,20.6,12.7,28.3,50.3,19.5,39.4,40.8,20.7,7.5,2.0,2.3,3.0,2.5,6.1,8.3,15.7,18.8,14.1,32.5,41.2,18.9,36.1,37.2,20.4,6.1,2.6,3.6,4.8,3.7,11.2,9.7,15.6,13.8,12.2,35.2,44.6,19.0,31.3,34.9,23.6,11.2,3.3,3.3,4.6,4.9,8.6,10.6,15.5,23.5,14.3,37.2,43.7,19.6,37.3,41.4,23.3,8.6,2.9,3.8,4.1,4.5,9.9,9.0,13.1,24.1,15.1,34.5,47.7,19.4,40.8,46.0,20.7,9.9
28178, , , , ,11.9, ,7.8,59.5,28.1,14.8,58.1,29.0,50.7,62.2,32.7,11.9, ,7.4,10.3, ,18.3,9.9,14.0,51.1,24.5,9.9,50.5,22.7,41.7,52.7,41.7,18.3, , , , ,8.9, ,10.8,48.3,18.5,12.4,44.8,14.9,49.0,53.0,37.9,8.9, , ,5.7, ,13.3,7.5,10.0,44.6,15.3,13.4,38.9,20.1,34.5,41.1,34.2,13.3, ,5.6, , ,12.4,5.6,8.3,41.6,16.8,13.4,35.4,13.6,36.3,40.2,30.9,12.4
28179,5.0,6.1,5.2, ,19.0,7.2,6.8,35.2,17.8,13.3,37.8,20.7,36.5,41.9,33.0,19.0, ,4.7,4.3, ,12.8,6.5,8.1,42.2,24.7,13.7,45.1,28.2,44.8,50.8,23.8,12.8, ,5.3,5.4, ,11.1,8.8,7.5,45.8,23.4,16.8,53.3,24.6,49.6,56.7,23.5,11.1,5.2,5.7, ,4.5,15.1,9.0,13.2,40.8,20.0,14.8,46.1,25.3,34.6,37.5,29.2,15.1,4.2,7.3,7.3, ,19.3,8.8,8.7,38.5,15.3,12.0,37.9,24.8,36.3,37.0,29.5,19.3
28182, ,3.6,3.6,4.2,10.0,10.5,10.4,17.5,10.5,36.5,52.7,23.8,45.5,41.8,22.1,10.0, , , ,3.9,7.6,10.9,14.9,22.4,14.0,42.5,42.5,17.0,37.2,45.8,17.8,7.6,3.9,2.7,5.4,4.1,11.3,11.5,15.7,20.5,12.1,35.7,38.0,15.7,28.0,31.6,26.4,11.3,3.7,4.8,3.7,4.5,13.1,13.0,14.6,19.1,12.9,32.0,38.3,19.2,28.6,32.0,24.5,13.1, , ,4.6,4.6,11.6,15.0,17.2,23.7,15.8,29.7,41.9,23.3,36.5,34.8,18.6,11.6
28183,4.2,5.6,4.8,6.3,11.7,15.0,14.5,25.7,11.2,44.0,51.1,29.1,38.1,42.5,26.2,11.7, , , , ,8.3,10.4,17.5,24.6,13.3,39.1,40.8,23.4,30.0,35.2,18.6,8.3, , , , , , , , , , , , , , , , , , , , , , , , , , , , , , , , , , , , , , , , , , , , , , , , 
28186,11.3,19.5,16.6, ,32.4,13.0,16.4,24.0,10.5,24.2,27.9,13.4,17.5,15.7,44.1,32.4,6.9,12.7, , ,22.0,11.6,20.6,27.6,10.1,18.5,27.5,16.9,31.2,26.9,42.0,22.0, , , , , , , , , , , , , , , , , , , , , , , , , , , , , , , , , , , , , , , , , , , , , , , , 
28187, , , , , , , , , , , , , , , , ,8.0,12.4,8.3, ,24.4,9.4,15.2,30.8,12.4,21.6,32.4,17.9,24.5,35.9,41.9,24.4,9.6,7.9,7.9, ,23.0,12.0,15.7,36.4,13.6,24.3,35.9,19.6,23.0,30.8,37.6,23.0,5.2,8.2,7.7,6.2,22.7,9.3,10.9,39.2,24.3,26.1,37.9,22.3,27.5,33.7,34.3,22.7,7.4,8.3,9.5,5.9,23.8,13.6,11.8,38.6,20.6,21.5,39.1,21.0,30.5,36.3,35.1,23.8
28188,6.0,5.2,4.9, ,18.9,10.6,11.5,29.2,17.8,19.2,46.0,19.0,39.0,35.1,35.2,18.9, ,4.3,5.7, ,19.8,7.3,9.2,22.3,9.4,15.1,31.1,12.0,35.1,37.5,44.8,19.8,4.2,3.6,6.5,5.1,16.6,11.0,12.9,32.0,15.4,21.3,34.2,19.1,35.5,39.3,42.7,16.6, ,5.1,3.9,4.9,18.9,14.5,10.8,28.0,17.5,21.8,33.2,18.7,38.7,41.3,35.3,18.9,4.3,9.3,5.5, ,25.7,13.5,13.3,24.2,12.5,16.0,34.2,19.1,31.5,39.3,42.9,25.7
28189,6.4,10.1,7.0, ,27.2,12.7,15.7,25.7,8.2,21.2,24.2,10.8,27.0,34.3,43.7,27.2,8.1,9.9,8.8,5.5,21.3,12.1,15.2,22.4,11.4,24.4,27.6,13.0,21.8,30.5,35.1,21.3,6.8,10.9,10.6,5.7,22.7,11.5,16.9,27.2,13.1,18.4,30.7,12.2,36.3,41.3,40.3,22.7, ,6.9,6.5, ,20.2,11.9,12.7,24.9,9.7,19.5,26.2,17.2,32.9,37.8,38.8,20.2,3.6,8.2,9.6,6.8,23.7,14.1,13.8,28.7,15.8,18.4,31.1,16.0,34.4,40.1,33.6,23.7
28191, , , , , , , , , , , , , , , , , , , , , , , , , , , , , , , , , ,22.7,16.7, ,36.4,13.1,26.4,22.6,10.2,24.3,27.2,13.9,17.4,16.3,52.2,36.4, , , , ,22.7,10.0,14.4,19.5,9.4,21.8,24.5,16.9,32.4,28.4,38.6,22.7, , , , , , , , , , , , , , , , 
28192, , , , , , , , , , , , , , , , , , , , , , , , , , , , , , , , , , , , , , , , , , , , , , , , , , , , ,43.3, , ,37.5,24.5,30.2,43.4,34.2,42.9,41.2,60.0,43.3, , , , , , , ,24.1, ,19.0,39.7, ,22.4,25.0,28.9, 
28601, , , , , , , ,58.5,52.5,24.4,81.0,43.9,51.2,65.0,25.0, , , , , , , , ,57.8,40.0,32.6,69.6,41.5,45.0,55.3,27.0, , , , , , ,11.8, ,41.6,29.2,16.9,71.3,37.9,52.9,59.8,23.8, , , , , , ,13.3,13.1,40.4,21.5,18.3,54.5,24.3,45.0,54.6,14.2, , , , , , ,17.6,20.3,44.2,21.1,15.4,68.4,19.2,45.2,50.0,27.1, 
28602, , , , , , , , , , , , , , , , , , , , , , , , , , , , , , , , , , , , , ,12.8,18.6,29.5,14.8,39.5,37.9,20.5,30.2,31.0,28.6, , , , , ,8.9,12.8,24.6,26.0,9.9,22.4,43.2,15.9,28.3,36.6,25.0,8.9, , , , , ,11.1,8.5,45.5,16.9,16.8,58.1,26.0,41.4,48.0,11.9, 
28603,6.3,10.0,6.7,6.4,25.8,13.0,13.7,24.9,16.1,25.0,28.4,10.8,19.8,21.1,44.8,25.8,7.9,10.1,10.6,6.6,22.3,15.3,12.8,25.2,14.0,24.2,32.4,17.1,33.3,30.7,38.1,22.3,4.3,7.7,9.0, ,20.2,11.1,11.0,35.8,16.0,19.5,31.3,19.6,36.0,35.8,39.6,20.2,4.0,7.2,8.9,4.8,20.0,9.6,12.4,33.4,15.6,19.5,32.7,18.0,29.9,35.2,33.3,20.0,4.1,7.2,6.4, ,20.7,9.8,10.6,29.3,17.2,22.4,33.2,17.0,40.3,35.3,30.8,20.7
28604,8.7,6.2,10.6,4.3,18.2,16.5,18.5,31.3,13.3,31.1,24.2,12.9,33.2,31.4,41.9,18.2,7.0,7.6, , ,17.4,7.1,19.1,23.9,10.1,20.1,29.1,17.6,44.1,46.6,28.3,17.4,6.7,8.3,5.7,3.8,21.3,11.2,14.3,28.3,17.5,20.5,39.1,14.2,40.6,40.7,43.8,21.3,5.0,6.9,7.6, ,23.0,14.1,15.3,32.5,19.2,27.4,46.4,27.0,41.7,40.7,41.3,23.0,5.5,9.8,7.9,5.8,27.3,13.7,12.8,34.1,18.7,20.2,42.3,22.2,39.1,42.7,37.9,27.3
28605,6.2,8.7,6.8,6.3,23.4,10.4,15.1,25.2,10.6,27.3,21.4,14.1,32.1,28.9,43.3,23.4,5.4,6.3,5.2, ,19.8,9.2,13.0,25.6,11.6,22.6,33.2,18.0,37.1,37.6,31.6,19.8,4.2,5.4,4.3,4.6,20.2,6.7,11.9,36.8,13.8,18.8,36.7,24.2,39.4,42.7,37.8,20.2,5.8,6.6,7.1, ,20.2,10.4,11.9,38.6,21.9,23.0,43.1,23.2,36.8,44.2,36.1,20.2,3.8,8.5,5.2, ,21.6,11.6,9.3,37.6,21.3,17.4,40.8,19.3,35.3,40.4,32.2,21.6
28702, , , , , , , ,38.1,32.6, ,55.6,22.2,53.3,56.8, , , , , , , , , ,34.7,27.1,31.9,63.8,21.7,64.6,64.6, , , , , , , , , , , , , , , , , , , , , , , , , , , , , , , , , , , , , , , , , , , , , , , , , , 
28703,3.7,9.2,4.5, ,22.6,5.2,6.5,76.2,63.2,7.5,88.0,61.6,69.3,73.4,46.3,22.6,2.9,5.3,3.6, ,19.3,5.3,6.8,72.7,59.3,7.5,86.5,57.6,65.2,69.5,38.7,19.3,3.3,7.4,4.3,2.8,25.4,5.8,9.0,67.6,53.8,13.9,83.3,52.1,61.2,63.8,38.9,25.4,2.7,7.3,4.7,2.2,20.3,5.2,8.8,71.1,52.3,11.0,83.6,54.5,60.9,64.4,40.9,20.3,4.2,8.1,4.0,1.8,18.7,5.4,8.8,67.7,51.3,10.4,81.2,48.8,58.3,62.0,31.2,18.7
30104,10.7,13.7,11.4,4.1,24.0,12.1,15.2,41.5,19.4,14.3,27.2,9.7,23.2,33.5,42.5,24.0,11.6,14.5,11.8,7.9,24.8,12.7,15.7,46.6,15.7,14.0,21.8,10.2,22.1,35.4,43.1,24.8,10.7,14.0,13.4,4.9,24.9,7.7,19.0,45.3,12.4,13.1,20.3,7.9,24.1,36.4,41.5,24.9,10.8,15.7,13.4,4.9,27.5,10.9,15.2,51.6,13.9,10.3,26.0,7.4,29.0,43.5,43.5,27.5,11.8,16.6,14.9,7.4,27.4,11.6,15.5,51.4,19.3,13.4,29.7,10.6,28.9,39.5,40.8,27.4
30105,3.7,4.4,3.7,3.0,8.1,11.2,8.9,35.5,12.4,11.7,39.3,10.7,33.1,42.5,16.3,8.1,3.3,4.2,5.6,3.6,9.3,9.5,8.4,46.1,18.8,10.2,39.7,15.8,36.8,47.0,16.1,9.3,2.6,4.1,4.6,3.0,7.1,8.9,10.2,38.0,12.5,11.6,32.4,10.5,31.4,43.2,17.1,7.1,5.9,4.5,3.8,5.1,6.7,11.8,10.0,46.1,15.2,12.6,36.1,14.3,38.8,52.9,14.3,6.7,3.5,4.8,4.0,2.8,7.4,9.8,9.5,44.0,16.0,10.3,34.9,9.6,34.3,53.1,13.9,7.4
31107,13.2,16.2,16.0,7.2,26.0,10.2,15.2,49.8,15.5,14.1,27.5,11.1,27.3,39.7,46.1,26.0,16.0,22.4,18.8,6.7,34.3,11.4,14.1,51.9,18.3,15.0,28.4,10.5,27.9,40.1,51.8,34.3,15.6,19.2,18.3,9.1,31.2,13.1,13.7,53.5,17.0,16.1,33.0,12.0,31.9,42.3,45.1,31.2,17.1,20.4,18.6,9.6,31.9,14.5,18.7,49.9,17.6,15.4,33.4,12.2,27.5,40.2,47.5,31.9,14.7,22.7,18.0,8.7,32.7,13.5,16.2,54.1,20.1,14.8,29.6,13.9,28.3,42.5,43.9,32.7
31109,3.9,4.4,4.1,4.0,7.6,9.5,10.8,46.1,19.4,13.2,45.5,11.4,37.3,50.4,18.6,7.6,4.4,5.3,4.5,3.8,7.7,6.6,10.4,45.4,22.0,12.0,43.0,10.3,41.1,53.9,15.4,7.7,5.1,5.3,4.7,6.7,8.3,9.1,11.5,43.1,13.2,11.2,47.2,10.8,40.3,54.9,17.9,8.3,5.4,6.3,6.1,5.3,9.8,8.9,10.2,44.9,17.3,11.2,42.2,10.8,39.6,57.0,16.9,9.8,3.3,2.7,2.8,3.2,5.8,6.5,7.8,51.1,12.1,11.1,50.5,10.2,44.8,57.3,12.9,5.8
32108,17.1,17.3,13.4,6.9,31.9,9.7,14.9,54.0,15.2,12.1,23.7,10.5,29.5,40.0,49.0,31.9,15.2,19.5,12.9,6.8,34.9,11.6,13.0,52.8,16.2,12.4,28.4,9.1,33.0,39.6,49.2,34.9,16.5,16.8,10.6,5.0,31.0,7.4,12.0,52.9,15.0,11.1,26.1,9.4,33.1,41.8,46.9,31.0,16.7,16.5,13.3,6.7,29.6,9.1,14.0,55.4,14.8,13.0,24.8,9.1,31.2,38.7,48.4,29.6,12.9,14.2,11.0,6.4,25.1,9.4,14.1,57.0,18.0,9.6,23.6,9.3,32.1,42.2,41.0,25.1
32110,4.1,3.7,3.8,3.8,6.7,6.2,8.4,46.9,16.0,9.2,41.1,12.2,39.1,51.3,14.7,6.7,2.2,2.4, ,2.8,4.8,6.7,5.3,47.9,17.3,7.8,39.6,10.9,42.5,56.3,11.5,4.8,2.8,3.9,3.2,2.6,7.8,5.8,7.1,50.8,21.0,9.2,36.7,13.4,45.4,60.7,11.8,7.8,2.4,2.4, , ,4.2,5.7,5.0,54.8,20.1,7.2,44.5,11.8,46.6,61.9,8.7,4.2,5.3,5.1,4.5,3.5,6.3,6.1,8.6,52.0,16.9,8.9,36.6,15.0,48.1,61.4,11.4,6.3
32114,5.0,4.2,4.2,3.2,8.0,5.6,10.0,40.6,15.8,9.0,40.5,9.6,39.2,48.0,17.6,8.0,2.4,3.8, ,2.5,6.0,5.8,7.6,46.8,19.9,9.6,40.5,10.3,42.7,51.5,10.9,6.0,4.7,4.8, ,2.9,8.4,7.2,9.8,45.9,22.7,12.1,38.5,6.7,40.3,51.0,13.5,8.4,3.5,2.8, , ,5.8,6.6,8.7,55.6,21.3,7.9,38.6,10.4,43.5,54.5,12.2,5.8,3.2,5.0,4.0, ,7.1,8.7,5.6,51.5,20.9,10.1,38.2,11.4,41.1,55.9,11.1,7.1
33108,15.5,19.8,12.7,5.1,32.4,8.4,12.2,51.9,14.6,14.0,21.2,11.2,25.4,39.1,52.1,32.4,17.8,24.1,16.9,6.6,36.1,9.3,13.3,47.9,16.0,12.1,24.0,10.5,27.4,39.2,50.8,36.1,14.5,20.2,17.9,4.6,33.2,9.2,15.4,44.9,12.6,15.4,18.1,10.1,22.8,34.3,51.5,33.2,16.7,23.7,18.6,5.3,38.0,10.4,13.1,46.1,12.9,15.5,21.9,7.7,25.4,33.4,53.5,38.0,17.4,23.5,16.9,8.8,36.7,14.1,18.9,42.0,10.8,17.9,22.1,8.8,22.5,29.6,49.0,36.7
33110,4.0,4.2,3.7,3.6,7.0,8.6,11.4,40.1,17.8,18.8,33.5,11.5,23.2,36.1,20.6,7.0,6.8,4.7,4.3,4.3,10.0,10.8,15.7,32.8,13.8,22.5,38.5,12.1,27.0,36.2,21.3,10.0,6.3,7.2,6.7,4.9,10.9,10.5,15.2,40.5,12.5,18.9,37.3,10.8,24.8,36.9,24.4,10.9,3.7,3.4,3.0,3.9,6.7,11.1,10.9,36.0,15.8,18.2,34.7,10.9,29.2,43.0,16.0,6.7,3.5,6.0,5.1,5.1,9.3,12.1,14.5,39.3,18.8,17.0,36.7,12.5,26.6,40.1,19.0,9.3
35118,3.7,6.5,4.3,4.0,10.7,7.0,15.0,38.9,14.0,14.7,38.4,10.9,29.7,39.7,23.5,10.7,4.7,4.8,5.0,3.0,10.7,6.9,11.2,41.7,14.2,20.9,35.6,11.4,33.3,41.1,25.2,10.7,5.2,4.7,4.7,4.2,9.2,8.2,12.7,34.9,9.5,18.5,25.9,12.6,32.6,42.5,21.0,9.2,3.0,3.4,3.2,3.8,8.8,9.6,11.8,39.4,16.9,15.9,33.3,13.6,41.7,46.7,21.0,8.8,6.0,5.2,4.9,5.6,9.3,10.2,14.0,40.3,15.3,17.3,35.9,12.1,34.8,45.5,20.9,9.3
35120,7.9,7.0,7.0,5.9,12.2,9.6,18.8,39.2,14.6,18.9,29.6,13.3,29.3,37.8,24.0,12.2,3.7,4.6,3.8,4.0,10.1,10.0,11.7,36.4,10.5,25.6,29.6,10.5,29.4,40.6,20.2,10.1,5.2,7.1,5.3,6.9,11.4,12.1,18.3,36.2,14.8,23.0,29.6,13.1,29.1,38.3,28.0,11.4,3.6,5.6,3.4,4.8,9.5,11.6,16.3,35.0,19.0,23.5,29.8,12.9,33.4,37.7,23.8,9.5, ,2.6, ,2.0,6.9,10.4,12.2,45.6,21.8,21.4,39.6,13.5,40.0,47.6,16.5,6.9
35130,16.8,15.2,11.7,5.9,28.4,10.0,15.8,48.7,17.6,20.4,27.1,12.5,26.2,38.8,50.8,28.4,12.0,13.6,10.6,5.4,26.4,9.0,15.5,48.8,14.1,21.3,23.3,12.9,25.7,34.9,43.0,26.4,11.6,17.1,12.2,7.1,29.5,9.3,16.9,46.2,14.3,21.1,22.4,11.8,26.1,39.4,48.3,29.5,13.4,15.3,14.0,7.1,24.8,12.5,14.2,46.2,16.9,17.9,24.6,10.8,30.9,38.4,41.7,24.8,14.2,17.7,14.3,7.6,31.3,13.0,15.3,44.4,16.6,17.9,26.3,13.6,28.5,37.8,45.8,31.3
35134,15.5,16.3,12.3,6.7,30.1,10.6,15.3,48.1,15.0,16.8,23.4,12.2,27.8,37.1,49.9,30.1,15.8,18.8,14.4,8.3,32.2,12.7,18.7,44.2,14.4,16.1,24.3,12.4,26.9,32.7,49.3,32.2,14.7,18.0,16.8,8.7,31.7,11.7,17.3,44.0,15.7,18.9,23.2,11.6,29.6,37.3,49.3,31.7,12.6,15.6,12.6,7.3,28.6,10.0,15.4,46.0,15.7,15.8,24.7,10.4,30.8,37.6,45.0,28.6,16.4,18.9,16.2,10.0,33.0,14.2,19.2,43.3,16.4,14.8,21.2,10.9,26.9,35.2,48.5,33.0
35138,16.0,14.8,10.6,5.2,26.4,9.0,16.9,50.5,9.4,15.7,24.1,8.5,25.1,34.6,45.1,26.4,18.1,17.2,15.0,6.8,30.2,11.5,18.8,45.1,10.1,21.0,21.4,10.2,25.5,34.0,48.7,30.2,13.7,18.2,14.8,8.3,33.0,13.7,18.5,46.1,12.4,14.6,25.3,11.4,27.9,38.3,47.5,33.0,10.2,12.4,11.1,5.9,25.1,12.3,13.9,46.0,12.0,16.1,24.8,13.2,27.6,34.8,40.2,25.1,15.2,19.2,17.4,9.6,35.5,16.0,19.1,41.4,14.3,16.4,20.8,11.4,23.5,30.9,48.7,35.5
35139,6.6,4.2,4.4,3.1,8.3,5.7,12.3,35.2,9.8,14.5,25.8,10.0,26.8,40.8,27.7,8.3,5.7,4.9,6.0,4.0,9.9,7.4,13.0,34.9,10.7,15.2,28.7,12.3,31.6,41.6,23.1,9.9,5.1,4.8,4.6,3.5,7.7,6.8,8.9,35.7,10.2,14.2,30.0,11.7,41.1,44.5,16.7,7.7,6.5,5.4,4.9,4.7,8.3,8.7,11.0,41.5,14.5,19.2,33.8,11.4,34.2,44.2,21.8,8.3,5.8,6.5,5.3,4.1,11.9,10.3,16.2,37.2,9.0,20.2,32.2,11.8,32.7,47.1,21.8,11.9
35140,13.0,19.0,10.1,5.1,35.8,7.8,9.3,48.7,27.2,12.8,54.4,20.7,43.6,48.4,52.4,35.8,6.3,19.3,10.9,5.4,32.2,7.2,8.8,52.7,25.1,12.7,58.1,20.6,56.0,60.3,49.7,32.2,12.0,20.7,14.0, ,32.0,5.8,5.7,39.6,22.2,16.4,51.1,20.5,50.7,54.1,50.7,32.0,10.3,15.1,13.4,6.3,31.4,9.1,10.7,51.8,24.3,12.8,54.3,27.8,50.0,58.3,51.3,31.4,8.4,12.3,8.8, ,26.3,6.1,6.6,51.3,28.5,12.0,58.6,20.5,48.3,54.1,34.9,26.3
36103,4.0,4.7,4.4,3.3,9.0,8.8,9.1,36.9,15.4,14.8,37.2,10.5,34.0,43.4,19.5,9.0,4.3,3.7,2.7,3.2,5.9,7.9,8.7,39.5,14.5,15.1,36.9,12.3,41.3,47.0,12.7,5.9,2.4,3.1,3.4,3.7,6.4,9.6,7.6,42.0,18.0,15.2,37.3,11.1,35.3,47.3,16.8,6.4,4.1,4.5,3.8,4.7,6.3,10.9,9.4,46.9,21.5,13.0,32.9,9.7,36.8,48.7,17.8,6.3,3.2,5.6,3.8,4.5,9.5,12.1,11.3,44.5,19.6,13.1,35.0,13.1,30.6,41.9,19.5,9.5
36104,13.5,17.0,15.4,5.6,30.9,9.4,15.2,52.6,15.6,16.8,24.6,12.0,27.2,40.6,52.3,30.9,10.7,14.8,10.4,5.6,27.0,10.1,12.9,57.0,18.1,14.7,27.9,10.8,27.8,36.7,45.0,27.0,11.0,15.7,15.3,6.1,28.1,11.2,15.0,56.1,16.7,18.2,24.4,11.5,25.0,36.8,51.7,28.1,13.7,18.0,17.5,9.3,32.0,13.0,15.9,49.6,17.3,18.4,23.8,11.1,26.6,38.5,52.6,32.0,13.7,17.8,17.4,8.3,30.0,12.3,15.4,51.3,19.0,14.7,25.7,11.3,21.8,33.1,47.1,30.0
38106,8.8,8.6,7.4,5.8,22.2,8.5,12.5,52.5,18.9,16.0,27.1,12.9,29.6,38.4,37.3,22.2,10.4,13.1,10.8,6.1,23.7,10.1,13.3,54.1,20.5,18.6,28.5,15.0,32.9,42.5,41.8,23.7,9.8,13.0,9.7,4.9,24.7,8.3,13.2,48.2,18.4,18.1,25.5,14.9,35.3,44.3,40.2,24.7,12.0,12.7,12.5,5.5,24.0,11.2,14.3,49.8,17.9,19.0,28.1,11.6,33.9,39.6,40.7,24.0,11.8,19.6,19.1,8.3,32.1,13.6,14.4,44.0,17.5,17.7,24.5,14.9,31.0,38.3,42.7,32.1
38107,4.4,3.4,2.8,3.8,6.7,11.7,12.9,38.0,22.2,25.3,45.6,18.8,41.8,46.5,17.3,6.7,5.4,2.0,2.4,4.8,4.0,12.5,12.0,33.0,22.3,27.8,44.7,17.1,32.0,40.2,12.3,4.0,3.9,3.6,3.5,3.6,7.1,10.2,13.4,33.6,18.7,27.1,38.0,15.2,31.8,34.5,18.2,7.1,4.7,3.1,3.4,3.8,5.5,10.4,12.0,34.2,22.0,27.5,37.7,16.3,33.5,40.8,16.6,5.5,5.4,3.6,3.1,3.3,6.3,9.2,11.2,34.0,19.6,25.0,39.7,15.5,32.5,41.6,15.8,6.3
39115,5.5,6.1,4.9,4.6,11.1,11.7,18.5,21.6,9.3,38.8,31.8,14.9,26.9,30.0,22.3,11.1,4.2,3.3,2.2,4.4,8.6,11.1,16.3,25.7,10.9,41.4,33.7,15.5,26.4,26.9,20.0,8.6,4.1,4.7,4.2,3.8,10.8,12.3,16.9,25.5,14.5,44.7,32.8,15.4,25.3,28.8,21.5,10.8,3.8,4.0,4.2,4.9,9.7,15.1,18.1,24.8,12.9,45.9,35.8,17.5,26.4,29.5,23.1,9.7,3.6,3.4,4.1,4.1,8.7,11.3,14.7,23.5,10.5,40.1,34.3,17.5,25.0,30.0,22.4,8.7
39123,11.1,12.2,8.1,5.4,26.5,10.0,13.0,40.2,12.8,26.9,24.0,12.8,29.9,36.4,43.6,26.5,11.5,11.8,8.2,6.5,28.2,10.7,14.7,39.0,12.9,24.6,23.5,13.0,32.4,34.9,42.6,28.2,12.0,13.8,10.7,7.6,27.3,10.8,15.3,41.1,14.5,33.0,22.9,13.1,30.6,34.7,45.3,27.3,10.3,14.4,12.0,6.6,26.2,11.0,15.3,37.9,14.0,23.1,24.2,11.6,29.3,33.6,42.0,26.2,11.6,11.5,9.4,5.2,20.4,9.6,12.9,37.8,14.4,25.9,21.5,11.2,25.9,32.7,37.3,20.4
39127,12.0,12.2,10.3,5.1,25.8,6.8,9.4,52.3,21.8,17.7,51.6,18.0,39.0,49.3,50.7,25.8,9.8,15.5,10.7,5.1,29.5,9.4,8.4,49.8,31.7,16.8,51.7,18.8,39.6,48.6,41.8,29.5,15.3,16.5,12.0,6.3,32.2,8.6,15.3,46.3,19.4,35.8,31.1,14.6,31.2,35.4,50.6,32.2, , , , , , , , , , , , , , , , , , , , , , , , , , , , , , , , 
39601,18.0,24.6, , ,31.6, , ,50.0,24.2, ,56.5,16.7,41.0,52.5,43.1,31.6,11.2,18.8,14.1, ,25.9, ,15.7,55.6,27.3, ,45.6,20.0,52.8,58.0,41.9,25.9, ,12.0, , ,20.5, , ,74.7,50.5, ,74.5,35.2,64.8,73.6,39.8,20.5, ,15.1,10.4, ,32.3, ,11.5,73.2,38.5, ,62.2,29.6,58.6,59.2,49.0,32.3, ,14.7, , ,34.9, ,9.9,64.7,32.1,8.0,62.2,22.9,59.5,64.9,49.6,34.9
96107,9.9,12.9,10.1,3.8,23.7,8.2,14.0,46.4,13.2,14.0,24.8,9.2,25.9,33.7,43.5,23.7,11.5,15.8,12.0,6.5,28.8,8.8,13.0,53.4,15.6,12.9,26.8,11.7,26.8,36.6,45.9,28.8,11.9,16.8,11.4,6.9,27.9,10.4,13.5,50.5,19.8,14.7,26.6,10.4,26.2,36.6,44.6,27.9,11.4,17.0,13.9,7.4,31.3,12.0,14.4,52.5,19.4,14.5,29.9,11.4,29.2,36.1,50.2,31.3,11.4,18.9,11.0,6.8,31.2,11.8,14.1,54.0,18.2,14.3,26.3,13.4,24.1,33.2,43.6,31.2
96112,4.4,4.9,4.5,3.6,7.7,8.7,12.0,37.3,17.7,19.1,40.2,15.1,29.1,39.3,23.0,7.7,4.1,5.3,4.3,5.0,8.9,10.3,13.2,37.5,18.7,19.9,40.7,15.6,32.2,42.3,18.3,8.9,3.4,4.5,4.3,3.6,8.3,7.6,10.8,37.1,17.0,14.5,36.1,12.1,30.7,44.4,21.2,8.3,3.7,3.1,3.8,4.0,5.4,8.5,8.9,41.9,20.2,15.9,44.6,16.1,37.3,51.6,18.4,5.4,1.9,2.7,3.3,3.8,5.5,9.4,10.7,45.1,20.3,14.3,40.2,16.5,37.9,50.8,14.2,5.5
97105,7.4,5.2, , ,9.5,9.1,12.3,49.1,17.4,11.7,38.3,11.0,35.6,52.0,20.5,9.5,5.3,4.8,3.6, ,9.2,9.0,10.4,47.5,17.0,10.3,32.0,10.3,33.7,47.5,23.1,9.2,5.4,4.5,4.8,4.5,8.9,9.9,8.9,51.9,18.0,11.2,29.6,11.6,39.7,54.4,22.7,8.9,3.5,4.6,3.7, ,8.9,4.9,8.8,53.9,20.5,6.8,41.4,14.9,41.6,58.2,18.8,8.9, ,3.6, , ,8.1,5.2,5.2,56.4,20.0,9.9,37.4,14.2,36.7,55.8,16.0,8.1
97106,15.9,17.4,10.8,5.5,28.4,9.0,14.0,56.5,18.7,13.2,30.0,11.9,27.0,42.0,43.7,28.4,13.0,13.4,8.8,4.5,25.0,8.6,13.2,55.9,15.4,8.4,30.5,9.4,30.7,41.1,41.3,25.0,13.6,15.0,12.0,5.7,27.0,7.5,12.7,61.5,18.2,10.9,32.7,12.5,35.8,50.6,46.2,27.0,13.0,16.8,11.0,4.5,29.0,8.7,11.4,64.7,19.2,8.4,34.5,11.4,35.3,49.3,46.1,29.0,8.5,12.0,9.1,4.6,22.6,7.3,11.5,64.3,19.7,8.2,32.9,8.6,36.2,49.5,37.2,22.6
98101,15.9,20.6,15.0,8.5,36.9,12.0,18.4,51.0,16.0,15.7,24.8,11.3,24.0,38.1,54.5,36.9,13.4,17.7,12.5,6.2,30.7,10.5,14.8,52.4,14.6,14.1,25.8,12.4,28.0,38.7,48.4,30.7,14.3,18.7,15.5,8.1,35.8,10.6,15.6,52.8,16.6,13.7,25.0,13.8,32.5,41.4,53.1,35.8,15.5,20.3,16.1,8.4,36.1,11.9,18.6,53.8,18.4,12.7,25.0,10.9,26.1,34.9,53.0,36.1,16.3,17.3,13.4,7.8,33.2,10.8,17.7,52.2,18.0,15.0,21.4,12.0,26.9,35.3,46.2,33.2
98102,16.4,18.9,12.5,5.8,34.9,10.5,14.7,42.2,21.4,20.1,39.9,11.9,23.5,27.5,48.8,34.9, , , , , , , , , , , , , , , , ,17.1,25.2,24.6,17.0,49.5,16.3,21.6,39.7,15.0,23.8,28.6,11.7,23.9,29.2,64.3,49.5, , , , , , , , , , , , , , , , , , , , , , , , , , , , , , , , 
98103,8.5,8.5,8.0,6.4,13.2,11.6,12.2,37.2,16.9,16.9,39.9,15.1,30.6,38.9,21.7,13.2,5.8,6.2,5.8,5.5,10.4,12.6,11.8,36.3,19.5,15.2,34.0,13.6,31.6,37.2,18.2,10.4,6.4,6.3,5.7,5.1,10.7,12.6,13.2,39.1,20.6,17.8,36.2,17.3,33.3,41.2,16.5,10.7,5.2,4.2,3.9,5.0,9.2,11.3,10.5,43.9,24.4,14.6,40.0,15.7,34.9,44.7,16.4,9.2,4.8,4.4,4.0,4.6,8.5,11.9,10.8,42.6,19.1,11.8,41.7,15.2,34.2,43.8,14.5,8.5
99101,10.3,11.8,11.2,8.6,19.0,14.2,16.7,35.8,12.6,13.3,32.4,8.0,29.6,41.3,33.0,19.0,10.5,9.5,9.2,7.3,14.7,11.4,15.4,36.8,11.0,17.3,27.6,9.6,27.5,32.6,27.0,14.7,8.4,7.2,7.2,5.8,11.9,8.8,13.7,34.1,14.1,14.2,27.4,8.8,26.9,34.0,24.4,11.9,10.0,7.9,6.8,7.4,12.4,10.9,15.6,38.4,12.5,16.0,27.3,7.5,29.8,38.1,23.5,12.4,8.2,9.5,8.2,6.0,14.2,12.7,12.5,38.2,10.6,15.0,27.4,10.7,28.8,40.6,21.8,14.2
99102,22.3,28.1,24.1,11.8,39.3,15.5,19.9,50.3,19.7,16.5,30.6,10.5,31.4,41.0,51.5,39.3,21.1,25.3,20.9,10.7,38.1,13.9,20.1,51.4,17.3,16.8,30.2,10.9,34.0,39.7,53.5,38.1,19.7,25.0,24.6,11.6,39.8,18.1,18.1,46.4,18.3,18.9,28.0,10.8,29.7,35.2,56.8,39.8,21.5,22.6,19.3,10.1,36.0,14.1,18.8,50.7,19.8,17.5,29.4,11.6,35.9,42.6,51.6,36.0,19.0,20.4,15.4,11.2,33.4,13.6,20.5,51.5,18.2,14.2,23.1,8.7,28.5,34.2,47.0,33.4
